age,bigwinner,education,male,tixbot,winner,workthen,xearn1,xearn2,xearn3,xearn4,xearn5,xearn6,xearnp1,xearnp2,xearnp3,xearnp4,xearnp5,xearnp6,yearlpr,yearn1,yearn2,yearn3,yearn4,yearn5,yearn6,yearn7,yearnp1,yearnp2,yearnp3,yearnp4,yearnp5,yearnp6,yearnp7,yearw
76,0,12,0,2,0,0,0,0,0,0,0,0,0,0,0,0,0,0,0,0,0,0,0,0,0,0,0,0,0,0,0,0,0,1986
59,0,8,1,5,1,1,0,3.679834197,0.667943775,11.08552839,10.33051301,0.793,0,1,1,1,1,1,24.74876056,0,0,0,0,0,0,0,0,0,0,0,0,0,0,1987
59,0,16,1,2,0,1,34.44951456,35.80990099,36.79834197,39.28433735,39.87372474,40.33605948,1,1,1,1,1,1,0,42.258,42.25774648,41.69061708,33.60742581,0,0,0,1,1,1,1,0,0,0,1986
49,0,16,0,10,1,1,0,4.389320388,10.08223542,8.713483938,11.90524498,16.39675072,0,1,1,1,1,1,6.843990335,17.29663197,16.9,14.93589437,24.39086391,24.87212903,23.4503749,23.43685756,1,1,1,1,1,1,1,1985
31,0,12,0,2,1,1,8.789134986,7.886145631,0,0,13.78473092,16.79548797,1,1,0,0,1,1,11.24576468,18.77154647,18.443,17.0053662,17.40073711,12.22393548,5.716474369,14.46929222,1,1,1,1,1,1,1,1985
63,0,12,1,2,1,0,34.5707989,34.44951456,35.80990099,36.79834197,39.28433735,29.6932666,1,1,1,1,1,1,47.97953903,19.62817844,19.27,0,0,0,0,1.067030837,1,1,0,0,0,0,1,1985
56,0,8,1,3,1,1,15.45572816,19.24088889,18.25720207,19.5244257,19.64572089,19.70660967,1,1,1,1,1,1,22.6028,12.007,11.16260563,9.749119189,0,7.251880643,4.400093979,5.690919458,1,1,1,0,1,1,1,1986
43,0,12,1,1,1,1,29.75337423,30.81933884,29.00941748,27.64717272,26.42893264,28.76559839,1,1,1,1,1,1,40.98691896,36.06989798,31.36536059,25.826,24.99767606,23.21426205,24.33296774,23.12920581,1,1,1,1,1,1,1,1984
60,1,9,1,1,1,0,0,0,0,0,0,0,0,0,0,0,0,0,106.0535592,0,0,0,0,0,0,0,0,0,0,0,0,0,0,1984
59,0,16,1,2,0,1,0,0,0,0,0,0,0,0,0,0,0,0,0,0,0,0,0,0,0,0,0,0,0,0,0,0,0,1987
45,0,14,1,5,1,1,34.79631902,36.70241322,29.57869903,35.80990099,36.79834197,42.24111647,1,1,1,1,1,1,10.04965544,42.258,42.426,43.018,43.018,43.36,43.688,43.01820964,1,1,1,1,1,1,1,1984
43,0,14,1,5,1,1,29.20033129,26.33872176,27.48379612,23.02926293,26.1313658,25.38296386,1,1,1,1,1,1,90.68371511,25.44956304,23.22684758,24.12,17.72799296,12.31540828,11.53098065,8.243060444,1,1,1,1,1,1,1,1984
45,1,14,1,0,1,1,23.97584049,25.2261157,27.15393204,26.22442244,26.13363731,30.28305221,1,1,1,1,1,1,137.2718375,37.13108758,40.33605948,42,42.25774648,41.69061708,42.42580645,43.01820964,1,1,1,1,1,1,1,1984
45,0,16,1,4,0,1,28.97002755,28.08100971,28.14754675,30.78453886,32.39032129,32.65636959,1,1,1,1,1,1,0,34.28565056,37.74,38.5915493,41.3756213,41.64976774,43.01820964,42.97092511,1,1,1,1,1,1,1,1985
43,0,12,1,8,1,1,17.72168097,16.74438135,21.33678715,18.7174437,19.31649071,20.528,1,1,1,1,1,1,79.11267606,10.65705634,0,0,1.677123183,3.299265786,1.562366358,1.516955017,1,0,0,1,1,1,1,1987
27,0,12,1,1,1,1,8.034921892,10.42619689,12.03619277,12.46845043,15.5293829,39.409,1,1,1,1,1,1,36.98358415,22.48729577,23.96284024,28.71078065,30.61336802,29.52279589,27.91714326,11.63883737,1,1,1,1,1,1,1,1987
69,0,8,0,2,1,0,0,0,0,0,0,0,0,0,0,0,0,0,10.04965544,0,0,0,0,0,0,0,0,0,0,0,0,0,0,1984
48,0,12,1,5,1,1,20.0993719,21.36135922,22.06468647,17.52577824,15.93821687,16.82502406,1,1,1,1,1,1,9.374772491,19.96533086,15.633,21.35656338,22.37489096,26.59567742,31.09218669,32.49615859,1,1,1,1,1,1,1,1985
44,0,16,1,5,1,1,34.5707989,34.44951456,35.80990099,36.79834197,39.28433735,39.87372474,1,1,1,1,1,1,14.45884758,40.33605948,42,42.25774648,41.69061708,42.42580645,43.01820964,42.97092511,1,1,1,1,1,1,1,1985
27,0,16,0,1,1,0,3.596582524,2.263137514,6.796335751,3.415646586,1.69094129,0,1,1,1,1,1,0,39.1165,3.37,2.817183099,0.483611158,2.454509677,0.150941086,0.439365639,2.323238774,1,1,1,1,1,1,1,1986
36,0,12,0,1,1,1,16.27481628,15.75173472,16.69859438,18.10351492,18.62486989,19.265,1,1,1,1,1,1,14.47183099,20.05506338,15.70531868,13.69204516,18.24626167,13.24293098,0,0,1,1,1,1,1,0,0,1987
53,0,12,0,3,1,1,12.31281848,12.07417202,13.34126908,15.79126083,17.46775465,15.849,1,1,1,1,1,1,36.98358415,14.90984507,12.50533221,5.182135484,0,0,0.513237349,0,1,1,1,0,0,1,0,1987
51,0,12,0,2,1,0,14.78801942,3.673830583,4.117098446,16.96709237,15.17205775,9.37405948,1,1,1,1,1,1,1.139,0.318,1.055478873,4.310809806,6.136716129,1.953009946,4.898202643,0.16951675,1,1,1,1,1,1,1,1986
48,0,10,1,2,0,1,0,0,0,0,18.02457831,32.32197883,0,0,0,0,1,1,0,31.26757621,36.206,31.58814789,35.71959425,37.71830968,23.12249732,26.79245228,1,1,1,1,1,1,1,1985
37,0,14,0,1,1,1,10.97205721,14.87947772,13.33686747,6.449416747,6.436453532,12.62,1,1,1,1,1,1,23.13418662,10.9088662,5.040858833,3.693696774,3.516088753,2.299829662,10.84829081,3.937256747,1,1,1,1,1,1,1,1987
73,0,16,1,2,0,0,25.44070407,0,0,0,0,0,1,0,0,0,0,0,0,0,0,0,0,0,0,0,0,0,0,0,0,0,0,1987
65,0,11,0,1,1,1,0,0,0,0.077231088,1.184032129,1.580180943,0,0,0,1,1,1,6.843990335,3.177992565,3.066,0,0,0,0,2.928299559,1,1,0,0,0,0,1,1985
59,0,12,1,5,1,0,0,0,0,0,0,0,0,0,0,0,0,0,14.47183099,0,0,0,0,0,0,0,0,0,0,0,0,0,0,1987
53,0,12,1,3,1,1,29.74512651,22.51059067,9.915718876,25.07297786,10.94879554,25.679,1,1,1,1,1,1,13.14442641,25.32956338,29.54475063,25.33439355,21.2147697,18.34150367,22.24184747,23.32242491,1,1,1,1,1,1,1,1987
53,0,12,0,6,1,1,26.0115092,12.0092011,16.22718447,18.95392739,18.70355233,19.89416064,1,1,1,1,1,1,82.98745332,21.17843311,17.44127138,2.345,5.36615493,5.593954353,5.967012903,5.083360367,1,1,1,1,1,1,1,1984
43,0,16,1,2,0,1,0,0,4.17420462,22.39928705,39.28433735,39.87372474,0,0,1,1,1,1,0,40.33605948,42,42.25774648,41.69061708,42.10496129,43.01820964,42.97092511,1,1,1,1,1,1,1,1985
45,0,16,0,2,0,1,0,0,0,0,0,0,0,0,0,0,0,0,0,0,0,0,0,0,0,0,0,0,0,0,0,0,0,1987
40,0,15,1,2,0,1,20.58165017,23.20226321,21.05838554,24.50335322,29.32716729,42,1,1,1,1,1,1,0,34.30209859,42.426,42.42580645,28.10271461,34.65194714,21.77704348,23.39296332,1,1,1,1,1,1,1,1987
43,0,16,1,4,1,1,14.93405501,13.2405886,14.33823293,14.82289894,17.17542007,18.691,1,1,1,1,1,1,22.14913732,16.28370423,15.54967371,13.97488387,15.30458761,13.67666373,14.60265716,16.33836401,1,1,1,1,1,1,1,1987
36,1,14,1,10,1,1,9.619438017,0,0,5.879784456,16.31895582,9.571803657,1,0,0,1,1,1,323.3159257,0,0,0,0,0,0,0,0,0,0,0,0,0,0,1985
35,0,12,0,3,0,1,13.95621562,15.18726632,15.757751,15.99168431,17.05318959,18.251,1,1,1,1,1,1,0,18.66287324,19.30646154,26.07419355,26.87422188,24.88129222,25.71264433,26.51864913,1,1,1,1,1,1,1,1987
37,0,17,1,2,1,1,29.17723212,33.41266736,36.83154217,35.9760154,38.8030855,39.154,1,1,1,1,1,1,92.3119507,41.13280282,39.69409975,41.16363871,42.70207192,38.87339794,41.25897078,41.13451073,1,1,1,1,1,1,1,1987
30,0,16,0,2,0,1,7.71323301,4.88919692,10.06275648,16.29144578,17.66469297,16.80465428,1,1,1,1,1,1,0,21.865,26.67640845,27.58992392,29.08819355,30.38947207,20.21081938,16.81496793,1,1,1,1,1,1,1,1986
32,0,12,0,4,1,0,0,0,0,0,0,0,0,0,0,0,0,0,31.36827254,0,0,0,3.589043611,10.88838179,11.04905488,13.42050104,0,0,0,1,1,1,1,1987
26,0,16,1,1,0,0,0.575173554,0.754165049,4.093421342,4.461231088,5.065148594,0.970471607,1,1,1,1,1,1,0,12.50214126,27.625,6.753521127,6.485207101,0,0,0,1,1,1,1,0,0,0,1985
25,0,12,1,10,1,1,0,0,0,1.106548604,4.290289963,6.275,0,0,0,1,1,1,53.81625317,5.667169014,8.104655959,6.486729032,7.81958684,7.752469897,6.770514612,7.355714879,1,1,1,1,1,1,1,1987
72,0,12,1,1,0,0,16.97139394,12.0107767,4.576915292,0,0,0,1,1,1,0,0,0,0,0,0,0,0,0,0,0,0,0,0,0,0,0,0,1985
73,0,13,1,3,0,1,0,0,0,7.239542169,26.06876612,19.04147212,0,0,0,1,1,1,0,16.52,4.885690141,0,0,0,0,0,1,1,0,0,0,0,0,1986
64,0,12,1,10,1,0,35.80990099,36.79834197,27.1271004,39.87372474,35.40100372,42,1,1,1,1,1,1,53.49078169,42.258,7.431120879,0,0,0,0.075774768,0,1,1,0,0,0,1,0,1987
57,0,14,1,2,1,1,0,0,0,0,0,0,0,0,0,0,0,0,29.10496095,0,0,0,0,0,0,0,0,0,0,0,0,0,0,1988
51,0,16,0,3,1,1,0,0,0,0,0,0,0,0,0,0,0,0,11.45655,0,0,0,0,0,0,0,0,0,0,0,0,0,0,1986
61,0,16,0,2,0,1,0,0,0,0,0,0,0,0,0,0,0,0,0,0,14.27694366,5.719952663,3.904941935,0.909839327,0,0,0,1,1,1,1,0,0,1986
46,0,16,1,4,0,1,0,0,0,0.695079793,0.91773494,2.174067372,0,0,0,1,1,1,0,1.873182156,0.953,0,6.670498732,11.97645161,11.06901301,1.207048458,1,1,0,1,1,1,1,1985
47,0,14,1,1,0,1,28.06770874,28.79140154,31.72266943,33.23432932,33.1120693,33.74681784,1,1,1,1,1,1,0,34.948,33.87276761,33.1810989,33.30779355,32.0875593,28.90237298,32.39176051,1,1,1,1,1,1,1,1986
42,0,16,0,5,1,0,17.65677135,8.161475728,4.751744774,4.339705699,0,0,1,1,1,1,0,0,24.10909703,0,0.214,0,0,0,1.437294568,2.322361233,0,1,0,0,0,1,1,1985
38,0,12,0,4,1,0,0,0,0,0,0,0.199368624,0,0,0,0,0,1,9.814394796,0.128342007,0,3.807056338,16.01197633,16.26410968,16.93391278,18.21033774,1,0,1,1,1,1,1,1985
37,0,14,1,2,1,1,3.613544554,8.602180311,12.78776707,13.90200577,20.21692193,23.813,1,1,1,1,1,1,31.65954225,22.5625493,22.63615216,26.57004516,26.83313236,26.0698326,30.35677833,30.78963599,1,1,1,1,1,1,1,1987
34,0,12,0,4,1,1,4.645168044,2.364912621,0.142275028,3.581023834,2.883052209,3.805936477,1,1,1,1,1,1,17.03414201,6.187918216,9.36,10.15054225,9.864,7.368832258,9.286231064,13.58412335,1,1,1,1,1,1,1,1985
24,0,14,0,2,1,1,0,0.688396694,2.49792233,1.187634763,1.913740933,6.261285141,0,1,1,1,1,1,10.04965544,8.968423484,15.51512268,17.36,20.86838028,18.05666948,15.05762581,16.94481408,1,1,1,1,1,1,1,1984
69,0,16,1,5,0,1,36.783,39.284,39.874,40.336,42,42.257,1,1,1,1,1,1,0,41.69061708,42.42580645,7.848936496,7.821674009,7.968068425,18.05176471,17.74898785,1,1,1,1,1,1,1,1988
61,0,16,0,2,0,1,3.640475728,3.39410341,3.432240415,3.577405622,3.623445621,3.511070632,1,1,1,1,1,1,0,3.246,3.14328169,0.652226543,0,0,0,0,1,1,1,0,0,0,0,1986
55,0,12,1,10,1,1,36.783,36.70066736,34.02661847,35.18381521,41.08879554,40.263,1,1,1,1,1,1,41.7676338,40.22011268,41.68505833,41.84952258,40.29456159,9.150232012,5.047224519,6.799750865,1,1,1,1,1,1,1,1987
48,0,16,0,6,0,1,34.44951456,35.80990099,36.79834197,39.28433735,39.87372474,40.33605948,1,1,1,1,1,1,0,42,42.25774648,41.69061708,42.42580645,43.01820964,42.97092511,43.35566643,1,1,1,1,1,1,1,1986
47,0,12,0,5,1,1,21.09724518,19.73864078,18.62958856,18.71150259,19.7246988,19.56766121,1,1,1,1,1,1,22.76950186,22.29687732,31.475,32.32042254,37.44651226,36.48884516,37.56168936,38.8323583,1,1,1,1,1,1,1,1985
43,1,15,1,10,1,1,0,0,14.19213592,7.287375138,2.546354404,14.49448996,0,0,1,1,1,1,159.1095057,0.897686237,1.546215613,3.751,0,0,0,0,1,1,1,0,0,0,0,1984
48,0,9,1,10,1,1,30.73056311,26.52344114,22.07105492,20.71065863,29.66373051,26.26834944,1,1,1,1,1,1,1.139,28.111,32.76229577,31.63484024,27.79950968,32.45317215,28.74867548,27.1304918,1,1,1,1,1,1,1,1986
46,0,11,1,1,0,1,23.29331573,24.44704663,28.83382329,26.23965351,29.22225279,29.523,1,1,1,1,1,1,0,30.63493662,27.44076416,40.19845161,9.708866106,15.48240822,17.0993186,18.28385882,1,1,1,1,1,1,1,1987
47,0,16,1,2,0,1,0,0,0,0,0,0,0,0,0,0,0,0,0,0,0,0,0,0,0,0,0,0,0,0,0,0,0,1987
42,0,14,1,2,0,1,34.77539274,36.79834197,39.28433735,39.87372474,40.33605948,42,1,1,1,1,1,1,0,42.25774648,41.69061708,42.42580645,43.018,42.97092511,41.61128439,43.6883045,1,1,1,1,1,1,1,1987
42,0,16,1,2,0,1,13.21710891,4.599792746,4.731726908,4.852358037,7.480505576,6.096,1,1,1,1,1,1,0,4.788246479,3.648392223,2.209677419,0.419280796,1.207048458,2.027170349,1.012567474,1,1,1,1,1,1,1,1987
38,0,14,0,2,1,1,0,0.770281124,5.64666795,6.590260223,8.719,11.35073944,0,1,1,1,1,1,33.83693863,14.40364497,15.23086452,15.8790023,16.41424963,0,1.857511419,9.350018893,1,1,1,1,0,1,1,1988
39,0,12,1,6,1,1,14.71252228,18.13131727,18.23959192,22.05037918,27.934,26.90795775,1,1,1,1,1,1,11.92592527,18.21972612,23.77612903,24.04407651,23.80540969,24.41041197,24.12944498,24.62672065,1,1,1,1,1,1,1,1988
36,0,14,1,2,1,1,12.12352035,14.69775751,15.64110843,14.88197113,2.253115242,0,1,1,1,1,1,0,11.30418838,0,13.56427388,2.985716129,5.339121653,32.60318355,15.03387028,14.96172734,0,1,1,1,1,1,1,1987
36,0,16,0,2,0,1,17.14495146,18.80924092,19.3759171,21.85837751,24.08457363,28.51637175,1,1,1,1,1,1,0,28.474,0,0,0,0,0,0,1,0,0,0,0,0,0,1986
34,0,12,1,6,1,1,13.28829016,15.77095582,16.35244658,14.4089368,21.036,25.71933803,1,1,1,1,1,1,76.11316991,28.8591716,10.1866129,5.7223443,6.190549192,15.67053457,1.281068512,0,1,1,1,1,1,1,0,1988
78,0,8,1,8,0,0,0,0,0,0,0,0,0,0,0,0,0,0,0,0,0,0,0,0,0,0,0,0,0,0,0,0,0,1988
74,0,9,0,5,1,1,10.63445545,4.599792746,4.5897751,5.221559192,0,0,1,1,1,1,0,0,19.90986268,3.898711268,3.60484869,3.372851613,3.480030604,3.476299559,0.846802566,0,1,1,1,1,1,1,0,1987
62,0,16,1,2,0,1,0,0,0,0,0,0,0,0,0,0,0,0,0,0,0,0,0,0,0,0,0,0,0,0,0,0,0,1986
61,0,9,1,10,1,1,0,0,0,0,0,0,0,0,0,0,0,0,23.88475,0,0,0,0,0,0,0,0,0,0,0,0,0,0,1986
59,0,12,1,3,0,1,34.44951456,35.80990099,36.79834197,39.28433735,39.87372474,40.33605948,1,1,1,1,1,1,0,42,30.13710563,33.91855959,34.61857419,32.03305279,34.06693098,34.54001426,1,1,1,1,1,1,1,1986
61,1,10,1,5,1,1,0.96831068,0,2.909794819,10.61117269,12.07920693,2.834728625,1,0,1,1,1,1,264.351,0,0,3.113825866,12.78519355,5.289646519,10.61800294,15.05183749,0,0,1,1,1,1,1,1986
61,0,12,0,2,0,1,4.21640484,0,0,0,0,0,1,0,0,0,0,0,0,0,0,0,0,0,0,0,0,0,0,0,0,0,0,1987
53,0,12,0,2,1,1,15.16227979,19.25262651,21.48223292,22.00759851,23.054,22.53457042,1,1,1,1,1,1,50.44194083,22.05989518,19.33114194,28.23688447,1.575600587,3.127076265,3.219737024,1.152944669,1,1,1,1,1,1,1,1988
50,1,12,1,1,1,1,28.6258292,34.44951456,30.9399956,36.79834197,39.28433735,38.86949759,1,1,1,1,1,1,130.2633688,9.833442379,0,0,0,0,0,0,1,0,0,0,0,0,0,1985
47,0,14,1,1,0,1,0,20.24738956,21.49278152,22.51078067,23.4,18.66866197,0,1,1,1,1,1,0,17.78799662,19.40096774,19.62234124,17.01938326,20.02016251,19.98664083,21.3342834,1,1,1,1,1,1,1,1988
44,0,13,1,2,0,1,27.73665014,26.97303883,27.8159736,27.71801036,29.18925301,33.54034264,1,1,1,1,1,1,0,35.73000743,36.166,36.70828169,35.7872257,34.01135484,31.94081102,32.18393539,1,1,1,1,1,1,1,1985
38,0,16,1,2,0,1,35.80990099,35.20829016,39.28433735,39.87372474,40.33605948,42,1,1,1,1,1,1,0,42.25774648,41.69061708,42.42580645,43.018,42.97092511,43.35566643,43.6883045,1,1,1,1,1,1,1,1987
43,0,14,1,2,0,1,0,0,31.56247931,40.336,42,42.257,0,0,1,1,1,1,0,41.69061708,42.42580645,43.018,42.97092511,43.35566643,43.688,44.816,1,1,1,1,1,1,1,1988
41,0,12,0,2,0,1,0,0,0.891357074,3.379672862,4.083,3.540774648,0,0,1,1,1,1,0,3.865183432,5.140593548,5.516058148,5.205597651,2.41073129,0,0,1,1,1,1,1,0,0,1988
38,0,16,1,3,1,1,27.0467438,26.35587379,25.15374257,23.3192456,11.58722892,0,1,1,1,1,1,0,11.24576468,0,0.665,0,0.540125106,0,0,1.535365639,0,1,0,1,0,0,1,1985
42,0,16,0,3,0,1,32.07248083,38.20594378,39.874,40.336,42,42.257,1,1,1,1,1,1,0,42.258,42.426,43.018,43.018,43.35566643,39.31568166,44.816,1,1,1,1,1,1,1,1988
39,0,12,1,0,0,1,22.82790759,23.97230259,26.72325301,30.98019634,30.05342007,26.862,1,1,1,1,1,1,0,25.83125352,29.85140828,29.3789871,27.26331446,27.54162702,27.30391447,28.7690519,1,1,1,1,1,1,1,1987
31,0,16,0,2,1,1,5.095601942,7.011265127,10.80553782,11.31432932,11.87561886,5.705107807,1,1,1,1,1,1,22.6028,2.889,0.441873239,2.951695689,10.32184516,14.99264269,12.74643172,18.2046928,1,1,1,1,1,1,1,1986
57,0,16,1,3,1,1,27.84635026,33.99800803,34.3546949,32.58766543,42,35.43958451,1,1,1,1,1,1,25.01437025,33.20055452,15.00105806,14.84170161,15.61437885,16.75247327,17.04829896,0.380124157,1,1,1,1,1,1,1,1988
34,0,14,1,2,0,1,15.13118447,20.85776018,24.2914487,25.59314056,29.0719538,31.34804461,1,1,1,1,1,1,0,33.94,34.15641549,35.21096872,35.46355484,34.87242234,34.7605815,35.6430449,1,1,1,1,1,1,1,1986
32,0,16,0,1,0,1,16.25032953,17.23338956,19.16048508,22.20011152,24.316,30.08597183,1,1,1,1,1,1,0,28.36722232,30.39897419,28.72828156,31.40820558,32.63314612,37.38839031,44.816,1,1,1,1,1,1,1,1988
28,1,12,1,10,1,1,9.77959956,19.23621969,3.195566265,11.8587411,0,25.169,1,1,1,1,0,1,119.3723451,16.45833099,17.38498732,4.741967742,1.204174445,0,0,0.24043737,1,1,1,1,0,0,1,1987
27,0,16,1,1,1,1,0.848827283,0.411141969,0,0,0,2.98,1,1,0,0,0,1,16.38023134,19.29577465,24.2250279,27.71554194,30.05824024,31.13380323,38.17251604,40.23874879,1,1,1,1,1,1,1,1987
71,0,14,1,2,0,1,19.19419689,19.91726908,21.2026949,22.77561338,22.36,7.496408451,1,1,1,1,1,1,0,4.817582418,4.596129032,4.360520275,4.184434655,4.06215253,3.944083045,3.845614035,1,1,1,1,1,1,1,1988
68,0,16,1,10,1,1,25.12044077,22.5584466,0,21.46569948,10.73991968,3.238421559,1,1,0,1,1,1,35.06553197,2.958996283,2.911,0,2.881284869,6.395690323,1.341698546,1.739759178,1,1,0,1,1,1,1,1985
63,0,14,1,2,0,1,36.783,31.62243344,30.66528497,31.25140562,29.95803657,30.6635539,1,1,1,1,1,1,0,32.482,41.53029577,40.90683347,42.42580645,43.01820964,42.97092511,43.35566643,1,1,1,1,1,1,1,1986
59,0,8,1,1,0,1,8.753531353,6.257989637,4.919895582,7.721578441,9.042,6.545,1,1,1,1,1,1,0,4.60493662,4.133856298,2.473070968,2.236443764,8.30610279,8.199298646,6.733763322,1,1,1,1,1,1,1,1987
60,0,14,1,1,0,1,35.80990099,36.79834197,33.9748996,39.87372474,40.33605948,42,1,1,1,1,1,1,0,42.25774648,41.69061708,42.42580645,40.87652334,31.17806167,34.3150335,36.4243654,1,1,1,1,1,1,1,1987
73,0,13,1,2,0,0,0,0,0,0,0,0,0,0,0,0,0,0,0,0,0,0,0,0,0,0,0,0,0,0,0,0,0,1988
57,0,16,1,2,0,1,35.80990099,36.79834197,39.28433735,39.87372474,40.33605948,42,1,1,1,1,1,1,0,42.25774648,41.69061708,42.42580645,43.018,42.97092511,43.35566643,43.6883045,1,1,1,1,1,1,1,1987
53,0,16,1,1,0,0,26.0624573,24.89941748,26.56805281,27.6214715,27.49243373,29.02975938,1,1,1,1,1,1,0,24.80769517,2.262,3.557176056,3.235191885,3.093548387,3.149637337,3.572863436,1,1,1,1,1,1,1,1985
49,0,16,1,2,0,1,0,0,0.602860286,0.908601036,0,0,0,0,1,1,0,0,0,0,0,0,0,0,0,0.50856975,0,0,0,0,0,0,1,1985
48,0,12,0,2,1,0,0,0,0,0,0,0,0,0,0,0,0,0,33.83693863,0,0,0,0,0,0,0,0,0,0,0,0,0,0,1988
47,0,16,1,2,0,1,1.962534435,0,0,0,0,0,1,0,0,0,0,0,0,0,0.225,0.096478873,0,0.132580645,43.01820964,42.97092511,0,1,1,0,1,1,1,1985
51,0,12,1,10,1,0,25.52389879,31.36604352,24.36399197,24.71432531,22.25205948,1.51,1,1,1,1,1,1,32.61854225,1.580323944,0,0,0,0,0,0,1,0,0,0,0,0,0,1987
45,0,16,1,2,0,1,10.37475728,10.39933993,10.33533679,10.01365462,10.94417709,10.59330855,1,1,1,1,1,1,0,11.15,9.647887324,0,0,0,0,0,1,1,0,0,0,0,0,1986
44,0,13,0,4,1,1,0,3.895683168,0,0,0.438821944,11.80848327,0,1,0,0,1,1,22.5384,13.752,15.69807746,16.65493829,17.8312129,17.52090589,17.80879295,16.91027227,1,1,1,1,1,1,1,1986
29,0,13,0,2,1,0,13.17732013,14.75795233,14.68265863,17.27439461,16.75983643,17.006,1,1,1,1,1,1,14.47183099,8.532591549,21.44935926,20.98574839,20.6470635,19.8833069,20.74275695,18.48106298,1,1,1,1,1,1,1,1987
38,0,13,1,10,1,1,0,26.74408801,29.01163109,30.10258635,37.62054283,40.33605948,0,1,1,1,1,1,52,42,42.25774648,43.018,38.53765806,43.36,43.688,44.816,1,1,1,1,1,1,1,1986
28,0,14,0,1,0,1,8.66310231,9.673193782,5.558128514,1.559083734,7.463189591,18.957,1,1,1,1,1,1,0,22.25864085,22.595388,23.94052903,24.55056771,25.06315419,28.03588311,27.63967889,1,1,1,1,1,1,1,1987
23,0,12,1,1,1,1,0,0,0,3.251079885,6.058557621,8.427,0,0,0,1,1,1,31.65954225,16.05215493,17.35626712,18.95549677,8.891268554,17.77580029,22.6121283,20.34615917,1,1,1,1,1,1,1,1987
83,0,10,1,1,0,0,0,0,0,0,0,0,0,0,0,0,0,0,0,0,0,0,0,0,0,0,0,0,0,0,0,0,0,1985
75,0,12,0,2,0,0,7.159568757,0,0,0,0,0,1,0,0,0,0,0,0,0,0,0,0,0,0,0,0,0,0,0,0,0,0,1987
64,0,16,1,10,1,1,0,0,0,0,0,0,0,0,0,0,0,0,43.91973979,0,0,0,0,0,0,0,0,0,0,0,0,0,0,1987
62,0,12,0,2,0,0,0,0,0,0,0,0,0,0,0,0,0,0,0,0,0,0,0,0,0,0,0,0,0,0,0,0,0,1987
61,0,17,1,2,0,0,0,0,0,0,0,0.24,0,0,0,0,0,1,0,0,0,0,0,0,0,0,0,0,0,0,0,0,0,1987
55,0,12,0,2,0,1,3.720281553,4.756567657,4.882594819,7.623582329,7.214190568,9.042,1,1,1,1,1,1,0,9.995,7.699978873,11.29815723,11.65383871,11.44804285,10.35888987,11.08655167,1,1,1,1,1,1,1,1986
53,0,15,1,2,0,1,17.79522992,17.30430674,20.43665863,20.10985948,20.02237175,20.04,1,1,1,1,1,1,0,18.00874648,18.26975486,10.37222581,0,0,0,0,1,1,1,0,0,0,0,1987
50,0,16,1,10,0,1,2.37768595,1.92731068,4.148884488,2.179506736,1.532859438,0,1,1,1,1,1,0,0,0,42,0,1.626860524,0,43.688,1.266596182,0,1,0,1,0,1,1,1985
53,0,12,1,4,1,1,14.61212761,16.05270881,16.61276305,0,0,0,1,1,1,0,0,0,28.62204965,0,0.703181741,0,0,0,0,0,0,1,0,0,0,0,0,1987
50,0,16,1,2,0,1,6.602601942,3.439920792,6.285247668,1.306176707,6.545409047,1.089888476,1,1,1,1,1,1,0,1.616,1.144239437,2.24202874,0,18.4441622,29.30552717,28.42881825,1,1,1,0,1,1,1,1986
47,0,12,1,2,0,1,33.21061157,26.57267961,28.24038724,28.70043523,30.84865863,33.31776708,1,1,1,1,1,1,0,39.77176208,38.617,33.80137324,39.93312595,37.24455484,36.34074369,32.34648458,1,1,1,1,1,1,1,1985
46,1,13,1,5,1,1,0,0,0,0,0,0,0,0,0,0,0,0,131.0320967,0,0,0,0,0,0,0,0,0,0,0,0,0,0,1985
47,0,12,1,10,1,1,22.61443526,20.17092233,16.96087129,12.00829845,16.44990361,17.85140327,1,1,1,1,1,1,22.58350781,10.47922677,19.734,21.41638028,20.10599493,19.89328387,17.99385463,17.43058443,1,1,1,1,1,1,1,1985
45,0,14,0,0,0,1,2.326339806,9.753073707,12.04350674,12.74925301,10.89248893,16.26785874,1,1,1,1,1,1,0,22.923,26.8780493,27.33978022,15.0426,27.44276664,29.93158297,30.20132288,1,1,1,1,1,1,1,1986
38,0,16,1,5,1,1,21.90319018,21.63316804,23.68636893,22.9689769,28.97983005,30.05636948,1,1,1,1,1,1,37.33573051,33.43802117,31.82372491,22.824,27.60839437,41.69061708,42.42580645,27.51656006,1,1,1,1,1,1,1,1984
42,0,12,0,2,1,1,0,0.27490429,1.921691192,6.415341365,9.922017324,10.6941487,0,1,1,1,1,1,12.656,9.931,11.04007746,10.81639899,11.58578065,14.00230145,14.52320705,15.8314583,1,1,1,1,1,1,1,1986
38,0,14,0,0,0,0,0.91776699,0.99110231,0.197620725,0.127646586,0,0,1,1,1,1,0,0,0,0,1.466478873,3.240750634,0,3.602460597,2.691718062,7.980567356,0,1,1,0,1,1,1,1986
36,1,12,1,10,1,1,19.94020682,21.76780933,29.26187952,33.37472955,33.00630483,35.743,1,1,1,1,1,1,171.7323944,24.2914507,12.59890448,0,0,0,0,0,1,1,0,0,0,0,0,1987
80,0,12,0,2,0,0,0,0,0,0,0,0,0,0,0,0,0,0,0,0,0,0,0,0,0,0,0,0,0,0,0,0,0,1986
73,0,12,0,2,0,0,0,0,0,0,0,0,0,0,0,0,0,0,0,0,0,0,0,0,0,0,0,0,0,0,0,0,0,1986
68,0,16,1,2,0,0,34.5707989,34.44951456,35.80990099,36.79834197,39.28433735,39.87372474,1,1,1,1,1,1,0,40.33605948,30.893,24.37538732,39.07059341,42.42580645,43.01820964,42.83814978,1,1,1,1,1,1,1,1985
60,0,12,1,2,0,1,35.80990099,36.79834197,37.90993574,39.76612897,40.33605948,42,1,1,1,1,1,1,0,42.25774648,41.69061708,42.42580645,43.018,42.97092511,35.60242338,0,1,1,1,1,1,1,0,1987
54,1,12,1,2,1,1,27.78842694,27.15240964,26.16581328,15.73717472,0,0,1,1,1,1,0,0,115.7576115,0,0,0,0,0,0,0,0,0,0,0,0,0,0,1988
48,0,14,1,2,1,1,34.44951456,35.80990099,36.79834197,39.28433735,39.87372474,40.33605948,1,1,1,1,1,1,34.11095,42,42.25774648,41.69061708,42.42580645,43.36,42.97092511,43.35566643,1,1,1,1,1,1,1,1986
46,0,16,1,2,0,1,33.08380165,33.7006699,34.85738174,34.6778943,38.31378313,30.43272377,1,1,1,1,1,1,0,20.37174721,40.085,13.50704225,15.05494505,21.19522581,11.71889824,1.137844347,1,1,1,1,1,1,1,1985
48,0,14,0,2,0,1,8.889038835,9.170710671,9.990068394,13.48762249,14.54652551,14.52505576,1,1,1,1,1,1,0,15.3,14.30299296,14.47590871,14.51758065,14.54904361,17.64785316,18.23437776,1,1,1,1,1,1,1,1986
40,0,16,1,2,0,1,17.13896419,16.84168932,15.7129505,15.39170155,14.42406426,14.09820982,1,1,1,1,1,1,0,16.1578513,21.062,21.82930986,21.49753508,20.45277419,16.54230451,10.66869897,1,1,1,1,1,1,1,1985
44,0,16,1,2,0,1,0,0,0,0,0,0,0,0,0,0,0,0,0,0,0,0,0,0,0,0,0,0,0,0,0,0,0,1986
43,0,13,1,10,1,1,1.343581267,0.446912621,0.514842684,1.266362694,3.942738956,0,1,1,1,1,1,0,10.85696989,0,0,0,0,1.666096774,1.898503443,0,0,0,0,0,1,1,0,1985
41,0,16,1,1,0,1,34.5707989,34.44951456,35.80990099,36.79834197,39.28433735,39.87372474,1,1,1,1,1,1,0,40.33605948,42,42.25774648,41.69061708,42.42580645,43.01820964,42.97092511,1,1,1,1,1,1,1,1985
42,0,13,0,2,0,1,26.35965181,36.08877108,39.00241001,31.07302602,36.022,39.08262676,1,1,1,1,1,1,0,41.51644294,42.42580645,43.018,42.97092511,43.35566643,42.06212872,44.816,1,1,1,1,1,1,1,1988
39,0,13,0,3,1,1,9.41176699,6.321592959,5.942250777,3.847004016,3.871337825,4.580587361,1,1,1,1,1,1,32.815,10.058,6.51521831,8.140787828,9.847206452,8.167589901,11.78562115,10.4584804,1,1,1,1,1,1,1,1986
40,0,12,1,10,1,1,16.44844004,17.32134301,22.15218474,24.74386141,25.61136059,27.316,1,1,1,1,1,1,11.30418838,27.46271127,28.22732713,30.9955871,20.86425096,19.03515419,19.57176336,16.40207612,1,1,1,1,1,1,1,1987
40,0,14,1,10,1,1,1.63093886,4.412610442,6.740558229,7.685241636,13.213,42.257,1,1,1,1,1,1,24.85562164,34.6115503,0,3.866607498,0,0,0,0,1,0,1,0,0,0,0,1988
31,0,13,1,2,1,1,24.51501942,9.509518152,12.77947358,2.76751004,0,5.856877323,1,1,1,1,0,1,37.131,19.175,0,0,0,0,16.78441116,19.66238061,1,0,0,0,0,1,1,1986
73,0,14,1,3,0,0,35.80146095,33.72386321,32.98123695,14.36825409,7.239100372,2.415,1,1,1,1,1,1,0,0,0,0,0,0,0,0,0,0,0,0,0,0,0,1987
70,0,10,1,1,0,0,0,0,0,0,0,0,0,0,0,0,0,0,0,0,0,0,0,0,0,0,0,0,0,0,0,0,0,1987
61,0,16,0,2,0,1,20.92514601,11.09300971,5.173746975,11.58125596,11.5057992,18.90520885,1,1,1,1,1,1,0,16.40638662,9.981,11.13366197,12.71934404,16.16334839,11.11345677,5.95718649,1,1,1,1,1,1,1,1985
52,0,8,0,10,1,1,5.182600551,8.916970874,3.635247525,0,6.325108434,5.857640038,1,1,1,0,1,1,9.814394796,6.15939777,4.099,0,0,0,0,0,1,1,0,0,0,0,0,1985
59,0,14,1,10,0,1,36.783,39.284,38.30321244,40.336,40.92858518,41.35464684,1,1,1,1,1,1,0,42,42.25774648,41.69061708,42.42580645,43.01820964,42.97092511,43.35566643,1,1,1,1,1,1,1,1986
50,0,12,1,4,1,1,19.39642684,19.38386736,18.47904418,19.45901059,20.70482528,21.923,1,1,1,1,1,1,16.38023134,20.8153169,19.90587997,21.95800645,19.02109258,19.32484581,19.2171062,17.77719585,1,1,1,1,1,1,1,1987
52,0,12,0,6,1,1,0.032554455,0,0,0,0,0.99,1,0,0,0,0,1,26.25383099,0,0,0,0,0,0,0,0,0,0,0,0,0,0,1987
55,0,16,0,6,0,1,0,0,0,0,0,0,0,0,0,0,0,0,0,0,0,0,0,0,0,0,0,0,0,0,0,0,0,1988
52,0,16,1,2,0,1,20.13005596,18.63860241,39.87372474,40.336,42,35.51869718,1,1,1,1,1,1,0,35.30824683,39.78745161,11.89499617,7.536810573,11.0201511,14.78272664,24.45958435,1,1,1,1,1,1,1,1988
47,0,12,0,10,1,1,10.92021122,14.17531192,14.61223293,11.31232339,11.3552119,18.545,1,1,1,1,1,1,16.38023134,17.86595775,20.49696027,19.53178065,20.05587758,22.17106608,22.07389309,21.51421453,1,1,1,1,1,1,1,1987
44,0,12,1,10,0,1,0,0,0,0,0,0,0,0,0,0,0,0,0,0,0,0,0,0,0,0,0,0,0,0,0,0,0,1987
28,0,14,1,2,1,1,0.754165049,6.193786579,7.182491192,2.629959839,4.968392685,2.557672862,1,1,1,1,1,1,34.11095,7.865,13.94505634,11.57238884,16.54871613,20.73511247,21.72687225,4.462118318,1,1,1,1,1,1,1,1986
40,0,16,1,1,0,1,34.44951456,35.80990099,36.79834197,39.28433735,39.87372474,40.33605948,1,1,1,1,1,1,0,42,42.25774648,41.69061708,42.42580645,43.01820964,42.97092511,43.35566643,1,1,1,1,1,1,1,1986
27,0,16,1,2,0,1,4.070512651,4.125048705,3.556497992,3.536947064,4.05601487,9.557,1,1,1,1,1,1,0,21.57846479,18.00942012,26.74063226,28.08678194,32.05598825,31.73244191,33.60737993,1,1,1,1,1,1,1,1987
70,0,14,1,2,0,0,3.680969948,2.380168675,1.064354187,0.813851301,0.085,0.037626761,1,1,1,1,1,1,0,0,0.196219355,0,0,0,0,0,0,1,0,0,0,0,0,1988
66,1,12,1,5,1,1,34.5707989,34.44951456,28.39230803,25.74521036,29.06050602,22.50017324,1,1,1,1,1,1,107.1268699,5.856877323,4.453,0,0,0,0,0,1,1,0,0,0,0,0,1985
70,0,15,1,2,0,0,25.51692435,25.36975904,21.00649086,0,0,0,1,1,1,0,0,0,0,0,0,0,0,0,0,0,0,0,0,0,0,0,0,1988
76,0,14,0,6,1,0,0,0,0,0,0,0,0,0,0,0,0,0,63.30586718,0,0,0,0,0,0,0,0,0,0,0,0,0,0,1984
56,0,12,1,4,0,1,0,0,0,0,0,0,0,0,0,0,0,0,0,0,0,0,0,0,0,0,0,0,0,0,0,0,0,1985
56,0,12,1,10,1,1,34.22811019,33.40937864,33.10908691,35.09698653,34.60983133,38.93911838,1,1,1,1,1,1,10.85696989,39.26043123,38.756,39.39232394,39.14471006,39.39943226,38.57467177,38.54427606,1,1,1,1,1,1,1,1985
49,0,15,1,2,0,1,34.5707989,34.44951456,35.80990099,36.79834197,36.31765462,37.06041193,1,1,1,1,1,1,0,40.33605948,40.377,42.25774648,40.4389721,38.14963871,35.48708799,37.58427019,1,1,1,1,1,1,1,1985
48,0,12,0,4,1,1,19.74460606,20.99558252,13.63911111,18.77283316,21.05068273,19.32504331,1,1,1,1,1,1,26.47440967,19.84208178,21.86,21.86211268,22.36469992,23.016,22.86338179,22.0004699,1,1,1,1,1,1,1,1985
47,0,16,0,10,1,1,0.018621359,0,0.674636269,0,2.058032724,1.597144981,1,0,1,0,1,1,34.11095,4.31,5.64015493,10.91830938,5.820290323,5.341637337,4.012229075,3.852014255,1,1,1,1,1,1,1,1986
44,1,14,1,5,1,1,23.82868932,28.8299846,36.79834197,39.28433735,39.87372474,40.33605948,1,1,1,1,1,1,114.085,42,42.25774648,41.69061708,42.42580645,32.50851721,20.70570925,0,1,1,1,1,1,1,0,1986
46,0,16,0,1,0,0,0,0,0,0,0,0,0,0,0,0,0,0,0,0,0.071337278,0.48436129,0,0,0,0,0,1,1,0,0,0,0,1987
29,0,15,0,10,1,1,4.638407041,3.239162694,6.169951807,6.677266603,6.709434944,10.817,1,1,1,1,1,1,26.25383099,15.75114085,13.7477126,12.86385806,11.22750115,7.770977974,5.579210264,0,1,1,1,1,1,1,0,1987
36,0,14,0,4,1,1,22.11153398,22.03213201,23.61226943,22.29743775,24.25229644,24.88714498,1,1,1,1,1,1,11.45655,26.236,22.79216901,27.77892139,31.81581935,31.60370926,30.71535977,31.77306344,1,1,1,1,1,1,1,1986
29,0,14,0,1,1,1,9.141757282,0.047023102,1.326557513,0,6.513763234,16.70686989,1,1,1,0,1,1,12.169,18.681,5.009183099,0.537345731,0,0,0,0,1,1,1,0,0,0,0,1986
30,1,13,1,2,1,1,0,0,0,0,0,8.406401487,0,0,0,0,0,1,152.70375,9.346,0,0,0,0,0,0,1,0,0,0,0,0,0,1986
80,1,11,1,6,1,0,0,0,0,0,0,0,0,0,0,0,0,0,140.362,0,0,0,0,0,0,0,0,0,0,0,0,0,0,1986
59,0,15,1,0,0,1,15.45971845,11.59420902,1.611631088,5.386465863,39.87372474,0,1,1,1,1,1,0,0,21.978,4.232528169,15.95175655,9.472445161,0.817597552,5.710143906,0,1,1,1,1,1,1,0,1986
58,0,14,1,1,0,1,34.5707989,34.44951456,35.80990099,36.79834197,39.28433735,39.87372474,1,1,1,1,1,1,0,40.33605948,42,42.25774648,41.69061708,42.42580645,18.03997552,0,1,1,1,1,1,1,0,1985
56,0,13,0,1,0,1,13.91148544,13.85493509,16.23102176,17.44356627,17.97482194,18.2775316,1,1,1,1,1,1,0,16.785,18.17951408,21.40303635,22.16394839,23.31452793,23.04094567,23.35893942,1,1,1,1,1,1,1,1986
49,0,16,1,2,0,1,11.95787328,21.78965049,14.77489989,14.26730777,31.91164659,29.54769586,1,1,1,1,1,1,0,11.28187361,7.659,37.1443662,14.47590871,11.18980645,2.812535578,12.97577093,1,1,1,1,1,1,1,1985
37,0,16,1,2,0,1,29.77372021,28.03933333,39.87372474,40.336,42,42.257,1,1,1,1,1,1,0,41.69061708,42.42580645,43.018,42.97092511,43.35566643,43.688,44.816,1,1,1,1,1,1,1,1988
37,0,12,1,10,1,1,19.75061165,17.33223322,4.520290155,17.72196787,5.86185948,3.927672862,1,1,1,1,1,1,61.9415,6.563,2.239274648,0,0,0,0,0,1,1,0,0,0,0,0,1986
41,0,14,1,1,1,1,16.30825285,14.54400803,24.50546295,22.02593309,19.34,21.95955634,1,1,1,1,1,1,22.98195266,25.13388335,26.30665161,26.33083397,26.52126872,26.73990021,27.7473827,31.04667746,1,1,1,1,1,1,1,1988
77,0,17,0,10,0,0,0,0,0,0,0,0,0,0,0,0,0,0,0,0,0,0,0,0,0,0,0,0,0,0,0,0,0,1987
63,0,16,1,10,1,0,0,0,0,0,0,0,0,0,0,0,0,0,49.00055,0,0,0,0,0,0,0,0,0,0,0,0,0,0,1986
56,0,16,1,10,1,1,0,0.529311331,2.444136788,1.187333333,0,0,0,1,1,1,0,0,26.61965,0,0,0,0,0,0,0,0,0,0,0,0,0,0,1986
49,0,16,0,2,0,1,0,0,0,0,0,0.171732394,0,0,0,0,0,1,0,0.063925613,0.327032258,0,0,0,0,0,1,1,0,0,0,0,0,1988
49,0,16,0,2,0,1,0,0,0,0,0,0,0,0,0,0,0,0,0,0,0,0,0.511522571,0.848957416,0.914765502,0.643188927,0,0,0,1,1,1,1,1987
43,0,12,1,2,0,1,33.97147107,33.40937864,32.25543674,29.40005803,33.26954217,35.66272185,1,1,1,1,1,1,0,37.46975465,37.468,37.20514789,42.52442942,43.29641935,41.28238715,42.39556535,1,1,1,1,1,1,1,1985
43,0,16,1,2,0,1,34.5707989,34.44951456,35.80990099,36.79834197,39.28433735,39.87372474,1,1,1,1,1,1,0,40.33605948,42,42.25774648,41.69061708,42.42580645,43.01820964,42.97092511,1,1,1,1,1,1,1,1985
40,0,14,0,1,0,1,0,0,0,0.337555342,0,0,0,0,0,1,0,0,0,0.717802817,1.302600169,2.139851613,1.852382555,1.077491924,2.025607983,0.338280969,1,1,1,1,1,1,1,1987
31,0,16,1,4,1,1,21.93509642,18.81821359,18.92378438,17.1373513,19.68068273,20.07082964,1,1,1,1,1,1,17.03414201,22.72060967,22.981,24.92821127,24.09810313,24.62022581,25.98618516,24.84025257,1,1,1,1,1,1,1,1985
38,0,9,1,10,1,1,0,0,0.33639604,4.873508808,10.78613655,10.71421752,0,0,1,1,1,1,24.10909703,14.06465428,12.722,13.27549296,13.52073035,13.20503226,10.16839786,10.26715419,1,1,1,1,1,1,1,1985
66,0,10,1,4,0,1,29.96043689,28.33443344,27.16717098,26.32160643,25.23226179,10.15939033,1,1,1,1,1,1,0,15.783,24.03578169,26.69033305,23.83623226,11.44888141,8.398643172,1.766255167,1,1,1,1,1,1,1,1986
67,0,13,0,1,0,1,20.62623691,21.63668932,19.53749615,15.04643316,18.53186345,17.96849278,1,1,1,1,1,1,0,15.93681784,16.443,17.96147183,16.60954184,2.490748387,0,0,1,1,1,1,1,0,0,1985
68,0,13,0,5,1,0,19.39749637,3.41124498,2.47681232,0,0,0,1,1,1,0,0,0,71.64236078,0,0,0,0,0,0,0,0,0,0,0,0,0,0,1988
69,0,13,1,2,0,1,0,0,0,0,0,0,0,0,0,0,0,0,0,0,0,0,0,0,0,0,0,0,0,0,0,0,0,1987
79,0,8,0,10,1,0,0,0,0,0,0,0,0,0,0,0,0,0,22.76950186,0,0,0,0,0,0,0,0,0,0,0,0,0,0,1985
58,0,16,0,1,0,1,21.05942718,20.97953795,22.31751295,26.13453815,28.71330125,30.28871375,1,1,1,1,1,1,0,31.371,31.85732394,33.65359256,14.84814839,6.6917215,0,0,1,1,1,1,1,0,0,1986
54,0,14,1,4,1,1,34.5707989,34.44951456,35.80990099,36.79834197,39.28433735,39.87372474,1,1,1,1,1,1,45.5443513,40.33605948,42,42.25774648,41.69061708,10.63473548,11.40443764,42.97092511,1,1,1,1,1,1,1,1985
70,0,15,0,2,0,0,11.205967,11.15080622,9.22026506,4.974721848,4.969687732,1.281,1,1,1,1,1,1,0,0,0,0,0,0,0,0,0,0,0,0,0,0,0,1987
55,0,12,0,3,1,1,0,0,0,0,0,0,0,0,0,0,0,0,33.83693863,0,0,0,0,0,0,0,0,0,0,0,0,0,0,1988
54,0,16,0,1,0,1,6.631463146,20.23227358,22.71559036,23.5761309,23.26249814,24.73,1,1,1,1,1,1,0,27.24659859,28.58123415,34.62299355,30.03727621,32.35855507,33.92600428,34.25739516,1,1,1,1,1,1,1,1987
50,0,16,1,3,0,1,34.44951456,35.80990099,36.79834197,39.28433735,39.87372474,40.33605948,1,1,1,1,1,1,0,42,42.426,41.69061708,42.42580645,43.01820964,42.97092511,43.35566643,1,1,1,1,1,1,1,1986
46,0,8,0,2,1,1,0.93813057,1.086096386,4.464169394,4.671241636,5.127,12.53067606,1,1,1,1,1,1,85.18504818,12.7489907,9.521941935,11.8572609,0.591453744,0,0,0,1,1,1,1,0,0,0,1988
44,0,15,0,2,0,1,10.37963109,12.52587149,17.37566121,10.80211896,13.778,14.72942958,1,1,1,1,1,1,0,15.12072358,14.48664516,13.28616985,13.11498385,15.89395296,14.96551972,15.06297436,1,1,1,1,1,1,1,1988
28,0,16,1,1,0,1,3.424246425,4.51574715,4.185927711,5.014806545,2.709442379,14.927,1,1,1,1,1,1,0,17.77526761,22.6639459,24.0359871,24.16147513,25.30054038,27.15470848,25.63198893,1,1,1,1,1,1,1,1987
25,0,10,0,10,1,0,0,0,0,0,0.581613383,0,0,0,0,0,1,0,56.08799296,0,0,0,0,0,0,0,0,0,0,0,0,0,0,1987
78,0,14,1,1,0,0,0.105674931,0.119708738,0.096457646,0.090860104,0.12324498,0.168777671,1,1,1,1,1,1,0,0.081486989,0.108,0.069464789,0.100057481,0.079548387,0.075470543,0.028969163,1,1,1,1,1,1,1,1985
70,0,12,1,5,1,1,26.9840264,27.77934093,27.07538153,35.07094514,0.318817844,0.336,1,1,1,1,1,1,39.82585176,0.347323944,0.79953339,0.047729032,0,0,0,0,1,1,1,0,0,0,0,1987
65,0,16,1,1,1,1,29.75337423,34.5707989,34.44951456,35.80990099,36.79834197,39.28433735,1,1,1,1,1,1,82.98745332,39.87372474,4.64272119,0,0,0,0,0,1,1,0,0,0,0,0,1984
64,0,16,1,1,0,1,34.44951456,35.80990099,35.15150259,29.60080321,36.8293975,33.52680297,1,1,1,1,1,1,0,25.165,22.32521127,10.0057481,32.9135871,32.97475746,34.82012922,37.23587741,1,1,1,1,1,1,1,1986
61,0,12,0,1,0,0,0,0,0,0,0,0,0,0,0,0,0,0,0,0,0,0,0,0,0,0,0,0,0,0,0,0,0,1987
59,0,14,0,2,0,1,35.80990099,36.79834197,39.28433735,39.87372474,40.33605948,42,1,1,1,1,1,1,0,42.25774648,41.69061708,42.42580645,43.018,42.97092511,43.35566643,43.6883045,1,1,1,1,1,1,1,1987
52,0,13,0,2,0,1,7.074594819,7.620281124,9.995857555,9.117375465,9.499,10.23544366,1,1,1,1,1,1,0,11.51587489,10.51894839,11.74657077,9.587988253,10.99671561,11.24518754,10.22859379,1,1,1,1,1,1,1,1988
46,0,16,1,0,0,1,34.5707989,34.44951456,35.80990099,36.79834197,39.28433735,39.87372474,1,1,1,1,1,1,0,40.33605948,42,42.25774648,41.69061708,42.42580645,43.01820964,42.97092511,1,1,1,1,1,1,1,1985
48,0,13,1,2,1,1,24.90656986,23.55548187,21.3059759,24.79554957,24.78630483,25.912,1,1,1,1,1,1,24.74876056,28.46319718,25.69902282,25.50851613,25.24657383,26.11328634,26.78911475,29.36900761,1,1,1,1,1,1,1,1987
43,0,14,1,2,0,1,34.5707989,34.44951456,35.80990099,36.79834197,39.28433735,42.257,1,1,1,1,1,1,0,40.33605948,42,42.25774648,43.018,42.42580645,43.01820964,8.046989721,1,1,1,1,1,1,1,1985
45,0,16,0,2,0,1,22.20620933,23.06991968,25.9147565,28.79139033,31.842,31.81197887,1,1,1,1,1,1,0,35.08126458,36.50740645,36.229215,38.08157416,43.35566643,42.21989204,43.01245344,1,1,1,1,1,1,1,1988
40,1,15,1,3,1,1,21.82354235,26.8752829,39.28433735,39.87372474,39.94899628,42,1,1,1,1,1,1,104.8484155,42.25485211,41.69061708,28.01605806,21.56444989,17.86512188,32.41207128,40.09463806,1,1,1,1,1,1,1,1987
40,0,16,1,6,0,1,35.80990099,36.79834197,39.28433735,39.87372474,40.33605948,42,1,1,1,1,1,1,0,42.25774648,41.69061708,42.42580645,43.018,42.97092511,43.35566643,43.6883045,1,1,1,1,1,1,1,1987
34,0,12,1,5,1,1,29.75337423,28.30729477,23.75553398,37.49308691,25.96100311,28.12626506,1,1,1,1,1,1,26.43649047,31.73969586,36.25763569,36.415,39.90076761,41.69061708,37.0783871,33.01165417,1,1,1,1,1,1,1,1984
35,0,16,1,2,0,1,15.69647573,15.42960616,14.37520415,14.29531727,10.78700289,13.42905576,1,1,1,1,1,1,0,23.856,25.38166197,24.33898225,21.77416129,24.72918133,28.00996182,27.22032787,1,1,1,1,1,1,1,1986
33,0,16,1,10,1,1,8.317060506,14.6398342,14.71677108,13.19841386,25.50440892,26.787,1,1,1,1,1,1,60.99008451,29.15205634,31.16512595,31.42691613,8.887075746,19.1808047,0,0,1,1,1,1,1,0,0,1987
30,0,13,1,1,1,1,17.79319018,17.60242424,16.59961165,16.61482948,17.42242487,18.02457831,1,1,1,1,1,1,35.17395226,18.08558229,15.93987361,21.396,28.25287324,32.15736264,31.85029032,30.83390972,1,1,1,1,1,1,1,1984
24,0,9,0,3,1,0,0,0,0.130611399,1.358995984,0.244727623,1.011457249,0,0,1,1,1,1,32.83575,0,0,0,0.039774194,0,0,0,0,0,0,1,0,0,0,1986
33,0,16,1,1,0,1,15.90619689,28.81071486,29.09832531,32.99000743,35.043,27.33825352,1,1,1,1,1,1,0,41.69061708,40.92322581,39.12225249,37.23261674,37.42726728,34.06094948,36.30259649,1,1,1,1,1,1,1,1988
81,0,16,1,10,0,0,4.611446602,3.142107811,0,0,0,0,1,1,0,0,0,0,0,0,0,0,0,0,0,0,0,0,0,0,0,0,0,1986
68,0,9,0,1,1,0,0,0,0,0,0,0,0,0,0,0,0,0,22.75791901,0,0,0,0,0,0,0,0,0,0,0,0,0,0,1987
68,0,10,0,4,1,1,8.862046205,9.815162694,8.094554217,7.98212897,8.687531599,8.626,1,1,1,1,1,1,54.68084859,6.611697183,3.119384615,5.349187097,3.266197399,2.805985316,1.952176764,1.435039446,1,1,1,1,1,1,1,1987
66,0,9,1,4,0,0,15.47533884,18.80757282,19.0889681,18.25493057,20.88452209,21.87042156,1,1,1,1,1,1,0,14.39263941,0,0,0,0,0,0,1,0,0,0,0,0,0,1985
68,0,14,1,1,0,1,34.44951456,35.80990099,36.79834197,39.28433735,39.87372474,40.33605948,1,1,1,1,1,1,0,42,42.25774648,0,0,0,0,0,1,1,0,0,0,0,0,1986
68,0,14,1,2,0,0,36.783,39.284,4.219441771,0,0,0,1,1,1,0,0,0,0,0,0,0,0,0,0,0,0,0,0,0,0,0,0,1988
54,0,14,1,5,1,1,34.44951456,35.80990099,36.79834197,39.28433735,39.87372474,40.33605948,1,1,1,1,1,1,96.777,42,42.25774648,41.69061708,41.90255484,32.40453558,29.94606755,32.43785032,1,1,1,1,1,1,1,1986
50,0,16,1,10,0,1,35.80990099,36.79834197,39.28433735,39.87372474,40.33605948,42,1,1,1,1,1,1,0,42.25774648,41.69061708,42.42580645,43.018,42.97092511,43.35566643,43.6883045,1,1,1,1,1,1,1,1987
44,0,14,1,2,0,1,17.35635262,16.45330097,17.27556436,9.352911917,10.57706024,16.9094129,1,1,1,1,1,1,0,13.96686989,11.586,11.74630282,9.486005072,9.163090323,8.528171385,7.345292217,1,1,1,1,1,1,1,1985
46,0,11,1,8,0,1,25.51294766,27.16723301,28.02094609,29.3262342,29.3862249,29.57828681,1,1,1,1,1,1,0,32.18532342,34.47,37.9065493,38.37482333,37.39746452,36.84555777,35.40514537,1,1,1,1,1,1,1,1985
44,1,16,1,10,1,1,30.56873829,31.58049515,32.01429263,34.15431295,36.69619277,37.59944562,1,1,1,1,1,1,149.3758364,40.33605948,42,43.018,41.880541,34.79888387,2.516523336,8.913650514,1,1,1,1,1,1,1,1985
42,0,15,0,1,1,1,10.26707438,10.60752427,13.08689109,10.62722487,10.50663454,16.75962271,1,1,1,1,1,1,17.03414201,2.129866171,0.832,0.364690141,0.833812342,0,2.290111706,14.62942731,1,1,1,1,0,1,1,1985
34,0,16,0,2,0,1,16.80231405,20.6431068,25.90731793,32.65284974,33.98040161,35.31672762,1,1,1,1,1,1,0,36.46542751,24.92,0,0,3.343683871,3.430555471,1.445239354,1,1,0,0,1,1,1,1985
40,0,15,1,2,1,1,3.297057851,0.042563107,0,6.832679793,4.875879518,0.202533205,1,1,0,1,1,1,23.16252379,0,14.436,23.0671338,22.92706002,25.74627742,24.47509717,25.63851395,0,1,1,1,1,1,1,1985
28,1,16,1,5,1,1,0,0,0,6.770121012,13.0611399,17.38634538,0,0,0,1,1,1,107.1453397,2.868165544,4.097776952,16.177,38.13616901,41.69061708,42.42580645,43.01820964,1,1,1,1,1,1,1,1984
35,0,16,0,2,0,1,7.788242424,9.709708738,8.581113311,20.57754197,28.23190361,32.62788835,1,1,1,1,1,1,0,33.99840892,34.187,40.34457042,39.61164497,41.29621935,39.81993573,36.21869604,1,1,1,1,1,1,1,1985
77,0,12,1,2,0,0,0,0,0,0,0,0,0,0,0,0,0,0,0,0,0,0,0,0,0,0,0,0,0,0,0,0,0,1987
81,0,12,0,1,0,0,0,0,0,0,0,0,0,0,0,0,0,0,0,0,0,0,0,0,0,0,0,0,0,0,0,0,0,1988
66,1,8,0,3,1,0,10.07987879,9.059291262,11.29157316,9.51305285,13.65488353,11.39143792,1,1,1,1,1,1,225.0344684,3.312446097,0,0,0,0,0,0,1,0,0,0,0,0,0,1985
82,0,16,1,2,0,0,0,0,0,0,0,0,0,0,0,0,0,0,0,0,0,0,0,0,0,0,0,0,0,0,0,0,0,1988
61,0,16,1,2,0,1,36.783,39.284,39.28433735,39.87372474,40.33605948,42,1,1,1,1,1,1,0,42.25774648,41.69061708,42.42580645,32.05820964,11.56513363,9.627301497,7.579465744,1,1,1,1,1,1,1,1987
59,0,14,1,2,0,1,33.35402755,31.33176699,14.9629923,23.71675855,28.94056225,28.23966891,1,1,1,1,1,1,0,28.89223048,31.011,30.35514789,30.19790363,33.86551613,32.3844101,30.94067548,1,1,1,1,1,1,1,1985
55,0,14,1,10,1,1,26.22331288,34.5707989,34.44951456,35.80990099,36.79834197,39.28433735,1,1,1,1,1,1,89.14678345,39.87372474,40.33605948,42,42.25774648,19.27032967,28.99096774,38.9386075,1,1,1,1,1,1,1,1984
54,0,14,1,0,1,1,0,0,0,0,0,0,0,0,0,0,0,0,10.04965544,0,0,0,0,0,0,0,0,0,0,0,0,0,0,1984
55,0,14,0,3,0,1,21.83077668,23.57024663,23.37693173,23.74385371,27.03942007,27.69,1,1,1,1,1,1,0,28.39662676,28.87399493,29.67243226,28.74169855,28.07916593,29.12485246,28.87903114,1,1,1,1,1,1,1,1987
50,0,16,1,2,0,1,0,0,0,0,0,0,0,0,0,0,0,0,0,0,0,0,0,0,0,0,0,0,0,0,0,0,0,1986
47,0,12,0,2,1,0,4.520246425,4.338569948,4.183726908,1.736300289,0,0,1,1,1,1,0,0,31.36827254,0,0,0,0,0,0,0,0,0,0,0,0,0,0,1987
47,0,16,1,2,1,1,0,0,0,0,0,0,0,0,0,0,0,0,23.13418662,0,0,0,0,0,0,0,0,0,0,0,0,0,0,1987
43,0,12,1,2,0,1,14.67975758,15.19635922,14.18650825,14.57282487,14.82020884,14.58028104,1,1,1,1,1,1,0,14.84998513,14.848,15.13271127,15.11516484,15.74085806,14.95574598,13.66298385,1,1,1,1,1,1,1,1985
41,0,16,0,1,0,1,0,0,0,0,0,1.222304833,0,0,0,0,0,1,0,0.57,2.023161972,0,1.502580645,1.073358837,2.389955947,0.170297933,1,1,0,1,1,1,1,1986
42,0,14,0,10,1,1,12.98174757,11.3759736,16.2208,17.49308434,20.41154957,24.20672862,1,1,1,1,1,1,5.3558,32.136,31.12119014,29.04538969,30.02244516,24.77278653,21.91195301,17.7078603,1,1,1,1,1,1,1,1986
39,0,11,0,6,1,1,9.489020902,10.75783627,9.74075502,9.930456208,8.288245353,13.249,1,1,1,1,1,1,53.81625317,15.45109155,13.6522874,12.07190968,12.54907422,12.02461674,12.15911618,12.49591696,1,1,1,1,1,1,1,1987
34,0,14,1,5,1,1,11.34221342,0,0,7.179380173,21.9362974,22.436,1,0,0,1,1,1,16.38023134,8.793084507,0,0,0,0,0,0,1,0,0,0,0,0,0,1987
30,0,14,0,6,1,1,2.459669967,4.238623834,10.54074699,10.16252551,16.83113755,18.908,1,1,1,1,1,1,16.38023134,20.65033803,22.71675402,22.96473548,26.17150727,28.64004112,27.08752673,29.33032526,1,1,1,1,1,1,1,1987
25,0,13,0,1,1,1,0,2.003294766,2.970106796,2.793654565,4.799684974,9.109124498,0,1,1,1,1,1,10.04965544,12.01486044,11.71579182,14.392,17.5533662,20.01056974,21.61329677,21.66507728,1,1,1,1,1,1,1,1984
72,0,13,1,2,0,0,1.858145631,2.257108911,1.849003109,1.362297189,2.260565929,3.45402974,1,1,1,1,1,1,0,2.483,2.585633803,1.46287743,1.908277419,1.416330528,0.778143906,1.431127584,1,1,1,1,1,1,1,1986
67,0,12,1,3,0,0,0,0,0,0,0,0,0,0,0,0,0,0,0,0,0,0,0,0,0,0,0,0,0,0,0,0,0,1986
77,0,14,0,4,0,0,0,0,0,0,0,0,0,0,0,0,0,0,0,0,0,0,0,0,0,0,0,0,0,0,0,0,0,1985
63,0,13,1,4,0,1,15.57342176,14.4504739,17.17207315,21.55432714,14.825,19.54083099,1,1,1,1,1,1,0,24.82259341,26.45514194,26.67212854,27.41448458,23.24644904,2.151042215,0.576102564,1,1,1,1,1,1,1,1988
55,0,15,0,1,1,1,1.760242424,1.711834951,2.169091309,1.12212228,5.091558233,14.15622714,1,1,1,1,1,1,55.90684796,13.63888476,0,0,0,0,0,0,1,0,0,0,0,0,0,1985
53,0,13,1,2,0,1,0,0,0,0,0,0,0,0,0,0,0,0,0,0,0,0,0,0,0,0,0,0,0,0,0,0,0,1987
51,0,16,1,2,0,1,35.36336088,24.42723301,27.55915512,27.0479171,29.05060241,29.79769779,1,1,1,1,1,1,0,33.70811152,35.685,33.7705,33.57484362,34.43472903,36.42376129,36.20099266,1,1,1,1,1,1,1,1985
49,0,16,0,4,1,1,3.26538835,4.239313531,4.976862176,5.574634538,5.594979788,5.961791822,1,1,1,1,1,1,58.0205,3.345,5.731809859,7.815601014,4.541329032,4.879589901,6.026390602,6.936125445,1,1,1,1,1,1,1,1986
48,0,12,1,1,0,1,0,0,0,0,0,0,0,0,0,0,0,0,0,0,0,0,0,0,0,0,0,0,0,0,0,0,0,1987
47,0,16,1,2,0,1,34.44951456,35.80990099,36.79834197,39.02794378,39.87372474,40.33605948,1,1,1,1,1,1,0,42,42.25774648,41.69061708,42.42580645,43.01820964,42.97092511,43.35566643,1,1,1,1,1,1,1,1986
52,0,16,1,2,0,1,20.01264078,21.10734433,21.84276891,24.88668273,28.54452358,28.66814126,1,1,1,1,1,1,0,34.065,39.98566901,41.02078783,32.48137419,32.6879694,31.49752717,1.41784747,1,1,1,1,1,1,1,1986
43,0,16,1,6,1,1,0,0,0,0,4.665666321,16.47301205,0,0,0,0,1,1,62.99183523,10.72687584,4.010178439,0,0,0,0,0,1,1,0,0,0,0,0,1984
42,0,16,1,2,0,1,0,0,0,0,0,0,0,0,0,0,0,0,0,0,0,0,0,0,0,0,0,0,0,0,0,0,0,1985
41,0,12,0,5,0,1,25.18991419,23.64293472,22.77501205,24.77234264,24.64064684,28.163,1,1,1,1,1,1,0,24.70823944,24.47053931,23.77170968,23.55351798,25.89118943,3.835609408,18.97028097,1,1,1,1,1,1,1,1987
42,0,16,0,1,0,1,21.16521892,20.43557306,21.79565462,22.87675842,24.02745725,27.741,1,1,1,1,1,1,0,28.52108451,29.89958411,30.63054839,33.9650987,38.95869604,39.74113186,40.416991,1,1,1,1,1,1,1,1987
35,1,16,1,3,1,1,0,0,9.986983498,25.40902798,16.19130924,28.5466333,0,0,1,1,1,1,210.8587881,34.60956134,25.351,24.12647183,25.07644294,26.72649032,33.32024484,36.27824376,1,1,1,1,1,1,1,1985
36,0,13,0,3,1,1,12.76014081,13.91068187,15.1393253,16.13198075,16.97475836,17.929,1,1,1,1,1,1,39.82585176,17.03816901,19.69186813,20.35731613,20.63700077,19.87847871,22.51369922,22.38722215,1,1,1,1,1,1,1,1987
34,0,16,0,2,1,1,6.759269527,10.37622383,10.2744498,11.9547334,12.31981413,15.696,1,1,1,1,1,1,31.72177113,16.68988028,7.040155537,0.677045161,0,0,0,0,1,1,1,0,0,0,0,1987
66,1,12,1,10,1,0,27.1009813,27.56127668,28.361751,27.18797305,22.00148699,0,1,1,1,1,1,0,101.4292042,0,0,0,0,0,0,0,0,0,0,0,0,0,0,1987
61,0,12,0,5,1,1,7.192123212,6.948526425,10.02355823,8.942051973,8.525576208,9.704,1,1,1,1,1,1,29.86923204,8.065633803,7.102228233,8.394122581,7.486677888,0.925403818,0.248416251,0,1,1,1,1,1,1,0,1987
55,1,14,1,3,1,1,20.59755372,22.99737864,22.79173597,25.49420933,27.0555743,31.66902021,1,1,1,1,1,1,138.2383476,21.02160595,10.119,9.912239437,16.85134742,16.67157419,19.69948891,28.46864023,1,1,1,1,1,1,1,1985
54,0,12,1,4,0,1,35.80990099,39.284,39.28433735,39.87372474,40.33605948,42,1,1,1,1,1,1,0,42.25774648,41.69061708,42.42580645,43.018,42.97092511,43.35566643,43.6883045,1,1,1,1,1,1,1,1987
49,0,11,1,2,1,0,13.7500374,14.12988187,6.231574297,0,0,0,1,1,1,0,0,0,31.72177113,0,0,0,0,0,0,0,0,0,0,0,0,0,0,1987
49,0,14,1,2,1,1,1.996475728,10.37040264,9.683415544,13.57345382,21.23328585,36.56423048,1,1,1,1,1,1,11.45655,24.584,18.14864085,20.4719459,24.15265806,23.40760826,25.1259207,27.0469052,1,1,1,1,1,1,1,1986
51,0,14,1,2,0,1,9.683415544,13.57345382,21.23328585,36.56423048,24.584,18.14864085,1,1,1,1,1,1,0,20.4719459,24.15265806,23.40760826,25.1259207,27.0469052,18.97331488,18.1091444,1,1,1,1,1,1,1,1988
47,0,12,1,2,0,1,30.24846425,28.8393253,29.05296631,31.92252788,34.07,34.69090845,1,1,1,1,1,1,0,39.29572274,34.3260129,35.10721959,33.36362408,31.8910221,29.89235709,34.82721188,1,1,1,1,1,1,1,1988
45,0,16,0,2,0,1,0,0,0,0,0,0,0,0,0,0,0,0,0,0,0,0,0,0,0,0,0,0,0,0,0,0,0,1986
36,0,16,1,2,0,1,21.58787879,20.74951456,21.94411441,3.57761658,0,0.770048123,1,1,1,1,0,1,0,8.024431227,20.207,23.50225352,20.76563314,22.66333548,13.4882632,7.429785609,1,1,1,1,1,1,1,1985
31,0,16,1,2,0,0,0.255129477,0,0,0,0,1.11920693,1,0,0,0,0,1,0,5.431107807,5.727,5.776190141,14.3610279,12.02771613,7.308902831,6.8890279,1,1,1,1,1,1,1,1985
39,0,16,1,1,0,1,23.27040829,32.78646586,37.19437921,37.68671375,42,41.10482394,1,1,1,1,1,1,0,42.258,42.42580645,43.018,42.97092511,43.15412117,42.36779516,43.28090688,1,1,1,1,1,1,1,1988
37,0,14,0,1,0,0,15.04358127,16.56768932,17.81934433,17.69386943,18.4295261,15.40940135,1,1,1,1,1,1,0,0,0,0,0,0,0,0,0,0,0,0,0,0,0,1985
39,0,16,1,1,0,1,36.783,39.284,39.87372474,34.62585874,42,42.257,1,1,1,1,1,1,0,17.89639222,42.42580645,38.86229839,41.10804699,43.35566643,43.688,44.816,1,1,1,1,1,1,1,1988
33,0,12,0,2,1,1,5.643601942,5.653623762,0,1.27426506,4.236319538,4.705873606,1,1,0,1,1,1,15.1102,4.986,5.937309859,7.704426036,7.609245161,4.056960979,7.618085169,9.106252316,1,1,1,1,1,1,1,1986
65,0,12,1,2,0,1,27.00211221,26.73899275,30.98290763,39.87372474,37.26196283,37.643,1,1,1,1,1,1,0,32.63301408,0.775445478,0,0,0,0,0,1,1,0,0,0,0,0,1987
60,1,8,1,10,1,1,0,0,0,0.26160539,0,0,0,0,0,1,0,0,484.7889718,0,0,0,0,0,0,0,0,0,0,0,0,0,0,1987
56,1,16,1,5,1,1,6.246632124,11.25270683,21.09826372,40.336,42,42.257,1,1,1,1,1,1,181.3287067,41.69061708,42.42580645,43.018,26.54380029,36.48125445,43.688,11.46288799,1,1,1,1,1,1,1,1988
47,0,13,1,10,0,1,34.5707989,34.44951456,35.80990099,36.72906114,39.28433735,36.45808662,1,1,1,1,1,1,0,40.33605948,42,42.25774648,41.69061708,41.96707742,43.688,37.84901615,1,1,1,1,1,1,1,1985
44,0,16,1,0,0,1,14.06955336,14.86016995,19.31204819,22.54764196,19.86245353,20.117,1,1,1,1,1,1,0,20.18434507,18.06593407,17.23548387,17.73557766,17.9246696,20.31857448,23.66449827,1,1,1,1,1,1,1,1987
42,0,16,1,0,0,1,0,0,0,0,0,0,0,0,0,0,0,0,0,0,0.192957746,0.277937447,0.176774194,0.167712318,0.160939794,0.234354954,0,1,1,1,1,1,1,1986
43,0,12,0,10,1,1,4.608878756,3.996658635,4.059102984,5.136736059,6.975,4.396542254,1,1,1,1,1,1,25.01437025,4.043989856,4.66683871,8.050191278,12.36419971,11.0435866,10.37976471,6.969435897,1,1,1,1,1,1,1,1988
36,0,16,0,4,1,1,7.288736196,7.077201102,6.58531068,7.863709571,10.36032332,11.53440964,1,1,1,1,1,1,62.99183523,11.78912031,9.432118959,8.176,4.187183099,3.665994928,4.406096774,2.39241622,1,1,1,1,1,1,1,1984
23,0,16,0,1,0,0,0,0,0,0,2.514787295,3.001776952,0,0,0,0,1,1,0,0,0,2.490319527,0,0,0,0,0,0,1,0,0,0,0,1986
27,0,16,0,2,0,1,0,1.903694779,2.9546641,0.798572491,0,10.94938732,0,1,1,1,0,1,0,19.98740828,19.5300129,12.67150421,4.071776799,9.480439059,21.83201661,15.49708502,1,1,1,1,1,1,1,1988
64,0,16,1,3,0,1,34.5707989,34.44951456,35.80990099,36.79834197,39.28433735,39.87372474,1,1,1,1,1,1,0,40.33605948,42,42.25774648,41.69061708,42.42580645,43.01820964,0,1,1,1,1,1,1,0,1985
63,1,12,0,1,1,1,14.50127254,15.04248996,14.89568431,16.41351673,18.282,18.79215493,1,1,1,1,1,1,101.8177515,16.59471851,12.78519355,10.71849426,8.084810573,0,0,0,1,1,1,1,0,0,0,1988
58,1,14,1,2,1,1,17.60242424,17.262,18.09063146,18.56158342,18.30738153,20.8187257,1,1,1,1,1,1,121.6035428,17.24264684,4.916,3.073816901,1.05060355,0,0,0,1,1,1,1,0,0,0,1985
53,0,16,1,1,0,1,0,0,0,0,0,0,0,0,0,0,0,0,0,0,0,0,0,0,0,0,0,0,0,0,0,0,0,1986
56,0,14,1,2,0,1,12.38516172,15.83123731,18.95551807,30.37998075,31.55074349,8.146,1,1,1,1,1,1,0,0.673422535,5.462397295,11.60345806,4.944997705,0,0,3.558776471,1,1,1,1,0,0,1,1987
49,0,12,1,2,1,1,33.04094175,33.62634103,32.60855544,31.1688755,28.54241386,28.6090632,1,1,1,1,1,1,11.45655,28.819,28.45837324,26.03995943,22.82950323,20.94139862,23.35880176,0.314816821,1,1,1,1,1,1,1,1986
48,0,14,1,2,0,1,35.70741474,36.79834197,39.28433735,39.87372474,40.33605948,42,1,1,1,1,1,1,0,42.25774648,41.69061708,42.08728387,43.018,42.97092511,43.35566643,43.6883045,1,1,1,1,1,1,1,1987
41,0,16,1,1,0,1,0,0,0,0,0,0,0,0,0,0,0,0,0,0,0,0,0,0,0,0,0,0,0,0,0,0,0,1985
33,0,14,1,3,1,1,14.61613497,14.22384573,14.27194175,14.00806161,14.20938446,14.89283534,1,1,1,1,1,1,23.08841617,16.63831376,17.21412639,18.482,17.06807746,14.05992899,17.30707742,11.87570926,1,1,1,1,1,1,1,1984
64,0,12,0,2,0,1,9.699067961,10.11237844,8.995150259,8.926457831,8.557027911,8.262780669,1,1,1,1,1,1,0,8.112,10.48146479,12.08101437,11.40900645,9.401114002,0,0,1,1,1,1,1,0,0,1986
68,1,12,0,6,1,1,12.9748228,0,3.004242541,0,0,0,1,0,1,0,0,0,115.7576115,0,0,0,0,0,0,0,0,0,0,0,0,0,0,1988
68,0,14,1,1,0,1,34.44951456,35.04065127,36.06010363,37.01971084,38.52033879,39.78398513,1,1,1,1,1,1,0,41.325,7.307309859,0,0,0,0,0,1,1,0,0,0,0,0,1986
68,1,13,1,2,1,1,0,0,0,0,0,0,0,0,0,0,0,0,305.0932113,0,0,0,0,0,0,0,0,0,0,0,0,0,0,1987
64,0,12,1,5,0,1,29.84761276,35.61488912,34.03212048,34.92642926,40.33605948,39.142,1,1,1,1,1,1,0,40.03197887,41.69061708,6.501754839,0,0,0,0,1,1,1,0,0,0,0,1987
61,0,11,1,6,1,1,0,0,0,0,0,0,0,0,0,0,0,0,54.46369569,0.742092984,0,0,0,0,0,0,1,0,0,0,0,0,0,1988
63,0,16,1,2,0,0,0.638578512,0.945699029,1.115291529,0,1.761742972,3.442009625,1,1,1,0,1,1,0,4.362609665,5.506,6.968669014,8.018495351,5.038064516,4.381484315,4.325256975,1,1,1,1,1,1,1,1985
58,0,13,1,2,0,0,1.674097409,1.088297189,2.748966314,1.162208178,1.234,2.697549296,1,1,1,1,1,1,0,2.493098901,4.296496774,5.103485845,4.897397944,4.546486101,4.999883737,0,1,1,1,1,1,1,0,1988
60,0,12,1,2,0,1,0,0,25.85990375,38.72669145,24.391,28.99576056,0,0,1,1,1,1,0,41.69061708,34.41174839,43.018,42.76411747,0,21.62040138,5.812053981,1,1,1,1,0,1,1,1988
54,0,16,1,10,1,0,0,0,0,0,0,0,0,0,0,0,0,0,22.75791901,0,0,0,0,0,0,0,0,0,0,0,0,0,0,1987
48,0,12,1,4,1,1,23.95413057,18.06419277,23.63625794,25.5950632,26.08,28.97260563,1,1,1,1,1,1,29.10496095,30.90664413,35.69070968,33.36720428,32.0197768,30.69424947,30.07818408,30.73459109,1,1,1,1,1,1,1,1988
45,0,16,1,1,0,1,34.44951456,39.284,36.79834197,39.28433735,39.87372474,40.33605948,1,1,1,1,1,1,0,42.258,42.25774648,41.69061708,43.018,43.36,43.688,43.35566643,1,1,1,1,1,1,1,1986
42,0,16,0,5,0,1,25.17544554,29.38756477,36.31215261,33.30616362,35.48045353,42,1,1,1,1,1,1,0,42.25774648,42.426,42.42580645,43.018,39.81972394,39.32319886,33.08175502,1,1,1,1,1,1,1,1987
40,0,16,1,2,0,1,0,0,0,0,0,0,0,0,0,0,0,0,0,0,0,0,0,0,0,0,0,0,0,0,0,0,0,1987
38,0,12,0,2,1,1,12.10784598,14.36043938,16.16159839,16.69844081,17.26301859,18.71,1,1,1,1,1,1,24.74876056,18.14671127,16.93936095,16.53899355,0.812566182,0,0,0,1,1,1,1,0,0,0,1987
34,1,12,0,3,1,1,15.81131288,15.18397796,14.10833981,13.82840924,13.97655544,15.58388755,1,1,1,1,1,1,107.1453397,15.64463523,16.13136803,19.801,20.14961268,21.85514793,23.36512903,8.171782708,1,1,1,1,1,1,1,1984
33,0,16,0,2,0,0,1.577082508,0,0,0,0,0,1,0,0,0,0,0,0,0,0,0,0,0.473162996,0,0,0,0,0,0,1,0,0,1987
34,0,12,1,2,1,0,10.60885437,10.21848185,11.31662591,13.11128514,14.61192685,16.32184387,1,1,1,1,1,1,62.88465,14.296,14.50656338,13.04267794,13.62929032,13.27610712,13.57849046,13.53399857,1,1,1,1,1,1,1,1986
50,0,14,0,10,1,0,0,0,0,0,0,0,0,0,0,0,0,0,9.0523,0,0,0,0,0,0,0,0,0,0,0,0,0,0,1986
27,1,8,1,10,1,1,12.53587679,15.25881865,17.51619277,18.98537825,18.21132342,23.359,1,1,1,1,1,1,103.0519789,19.14140845,2.831256128,9.149832258,13.51677429,14.84830543,17.75238774,17.54889412,1,1,1,1,1,1,1,1987
81,0,14,0,1,0,0,2.085592233,1.540910891,1.300435233,1.565871486,0,0.689583643,1,1,1,1,0,1,0,2.09,0,0,0,0,0,0,1,0,0,0,0,0,0,1986
67,1,13,1,3,1,0,36.783,39.284,39.87372474,40.336,29.046,0,1,1,1,1,1,0,116.408541,0.069484362,0,0,0,0,0,0,1,0,0,0,0,0,0,1988
63,0,13,0,4,1,1,16.12901377,15.2056699,16.40623982,16.03907979,16.2320241,16.01172666,1,1,1,1,1,1,99.88827881,3.505977695,0.363,0.109021127,0,0,0,0,1,1,1,0,0,0,0,1985
62,0,14,0,2,0,1,0,0,0,0,0,0,0,0,0,0,0,0,0,0,0,0,0,0,0,0,0,0,0,0,0,0,0,1988
54,0,16,1,2,0,1,35.89791859,36.79834197,39.28433735,39.87372474,37.33937546,42,1,1,1,1,1,1,0,42.25774648,41.78418935,42.42580645,38.56880184,37.15777974,38.9732288,39.95280277,1,1,1,1,1,1,1,1987
51,0,12,1,4,1,1,30.38758127,26.53942718,20.13915072,20.3413057,21.05618474,24.10250626,1,1,1,1,1,1,41.23445353,23.86652045,23.574,23.36525352,22.75844463,16.44,15.40856924,16.63715125,1,1,1,1,1,1,1,1985
52,0,16,1,2,0,1,34.44951456,35.80990099,36.79834197,39.28433735,39.87372474,40.33605948,1,1,1,1,1,1,0,42,42.25774648,41.69061708,42.42580645,43.01820964,42.97092511,43.35566643,1,1,1,1,1,1,1,1986
48,0,14,1,1,1,1,30.57556062,31.06543775,32.04982483,31.99892193,34.197,25.27746479,1,1,1,1,1,1,33.83693863,16.72627557,21.6186,18.68482938,0,0,0.546103806,5.191578947,1,1,1,0,0,1,1,1988
42,0,16,1,2,0,1,34.5707989,34.44951456,39.874,36.79834197,39.28433735,39.87372474,1,1,1,1,1,1,0,40.33605948,42,42.25774648,41.69061708,42.42580645,43.01820964,44.816,1,1,1,1,1,1,1,1985
45,0,16,0,2,0,1,13.98791295,2.121574297,0,0,0.03,0,1,1,0,0,1,0,0,1.631492815,16.78205806,18.23284468,15.01648752,23.92920314,39.72298408,40.2088529,1,1,1,1,1,1,1,1988
40,0,16,1,2,0,1,34.44951456,35.80990099,38.91083938,39.28433735,39.87372474,40.33605948,1,1,1,1,1,1,0,42,42.25774648,41.69061708,42.42580645,43.01820964,42.97092511,43.35566643,1,1,1,1,1,1,1,1986
41,0,10,0,1,0,0,0,6.115414741,0.076095337,0.042915663,0.144515881,0.14260223,0,1,1,1,1,1,0,0.23,0.347323944,0.594786137,0.796367742,0.689297628,1.044499266,1.140527441,1,1,1,1,1,1,1,1986
41,0,13,0,2,1,1,8.960864078,5.909236524,6.832679793,7.669799197,7.380858518,9.230438662,1,1,1,1,1,1,12.169,10.607,12.98798592,12.79901944,12.18062581,12.71259373,11.53294567,11.3638717,1,1,1,1,1,1,1,1986
42,1,14,1,10,1,1,2.96317513,2.88415261,19.16681424,19.9694052,21.575,24.29916901,1,1,1,1,1,1,230.5787591,20.87866103,17.18775484,17.95863504,17.71383847,17.74457591,16.85792111,16.43482321,1,1,1,1,1,1,1,1988
35,1,14,1,6,1,1,20.26845179,24.12530097,25.29240044,27.14332021,23.70595181,31.63948412,1,1,1,1,1,1,144.1352045,23.66789591,0,0,0,11.92076774,22.75269166,7.323565345,1,0,0,0,1,1,1,1985
68,0,16,1,3,0,0,7.638787879,5.313737864,4.877139714,5.099523316,4.613983936,1.678282964,1,1,1,1,1,1,0,0.106951673,0,1.045830986,2.064148774,2.925612903,2.448599847,2.687694567,1,0,1,1,1,1,1,1985
77,0,16,1,2,0,0,0,0,0,0,0,0,0,0,0,0,0,0,0,0,0,0,0,0,0,0,0,0,0,0,0,0,0,1988
61,1,12,1,10,1,1,29.75337423,34.5707989,34.44951456,40.336,36.79834197,39.28433735,1,1,1,1,1,1,119.5462791,39.87372474,40.33605948,42,42.25774648,0,5.369516129,16.64544759,1,1,1,1,0,1,1,1984
63,0,12,1,2,0,1,28.44294829,36.79834197,26.40963855,39.87372474,40.33605948,38.878,1,1,1,1,1,1,0,23.15492958,41.69061708,42.42580645,25.24405815,22.74079295,25.4634469,35.23886505,1,1,1,1,1,1,1,1987
68,0,12,0,4,1,0,2.202851485,0,0,0,0,0,1,0,0,0,0,0,16.38023134,0,0,0,0,0,0,0,0,0,0,0,0,0,0,1987
68,0,14,1,4,0,1,35.80990099,36.79834197,18.85318072,0,0,0,1,1,1,0,0,0,0,0,0,0,0,0,0,0,0,0,0,0,0,0,0,1987
64,0,12,1,1,0,1,0,0,0,0,0,0,0,0,0,0,0,0,0,0,0,0,0,0,0,0,0,0,0,0,0,0,0,1988
63,0,12,0,1,0,0,0,0,0,0,0,0,0,0,0,0,0,0,0,0,0,0,0,0,0,0,0,0,0,0,0,0,0,1985
61,0,12,0,1,0,1,18.48435922,7.933641364,25.17847047,39.28433735,39.87372474,40.33605948,1,1,1,1,1,1,0,42,42.25774648,41.69061708,42.42580645,43.01820964,42.97092511,43.35566643,1,1,1,1,1,1,1,1986
61,0,12,1,2,0,1,18.44873047,22.94331192,22.88945382,26.16159384,34.42927138,42,1,1,1,1,1,1,0,42.25774648,41.69061708,42.42580645,39.91804744,38.72694273,10.62409123,20.63058824,1,1,1,1,1,1,1,1987
60,0,10,0,5,1,0,0,0,0,0,0,0,0,0,0,0,0,0,9.374772491,0,0,0,0,0,0,0,0,0,0,0,0,0,0,1985
59,0,12,1,10,0,1,0,0,0,0,0,0,0,0,0,0,0,0,0,0,0,0,0,0,0,0,0,0,0,0,0,0,0,1987
58,0,12,0,1,1,0,14.57559229,15.1631068,2.605562156,0,0,0,1,1,1,0,0,0,9.814394796,0,0,0,5.029741336,4.098509677,0,9.516370044,0,0,0,1,1,0,1,1985
85,0,16,1,10,1,0,0,0,0,0,0,0,0,0,0,0,0,0,43.91973979,0,0,0,0,0,0,0,0,0,0,0,0,0,0,1987
56,0,12,0,2,0,1,0,0,0,0,2.709442379,4.612,0,0,0,0,1,1,0,3.566823944,0,0,0,0,0,0,1,0,0,0,0,0,0,1987
51,0,12,1,10,1,1,0,0,0,0,0,0,0,0,0,0,0,0,28.64071831,0,0,0,0,0,0,0,0,0,0,0,0,0,0,1987
45,0,13,0,10,1,1,12.68099174,6.764873786,0,0,1.395309237,14.42416169,1,1,0,0,1,1,53.41742045,15.96941264,10.222,6.285598592,0,0,0,0,1,1,1,0,0,0,0,1985
42,0,13,0,1,0,0,0,0,0,0.530393574,2.367106833,3.588483271,0,0,0,1,1,1,0,3.769,4.411014085,1.763976331,0,0,0,0,1,1,1,0,0,0,0,1986
54,0,12,0,10,1,1,21.34846626,17.43636364,7.456524272,0,3.462905699,9.338008032,1,1,1,0,1,1,10.04965544,11.27962271,12.0641487,12.519,12.21326056,12.37377515,5.630258065,0,1,1,1,1,1,1,0,1984
41,0,16,1,2,0,1,0,0,0,0,0,0,0,0,0,0,0,0,0,0,0,0,0,0,0,0,0,0,0,0,0,0,0,1985
33,0,12,1,1,1,1,19.0320551,27.53966019,9.516752475,26.98317927,31.84452209,31.28716073,1,1,1,1,1,1,14.47667286,31.04654275,40.315,42.25774648,41.69061708,42.42580645,0,42.97092511,1,1,1,1,1,0,1,1985
32,0,16,1,2,1,1,16.9624456,4.410409639,0.126583253,0,0,0,1,1,1,0,0,0,33.83693863,0,0,0,0.193127753,0.796806842,0.711451903,0,0,0,0,1,1,1,0,1988
26,0,13,1,10,1,1,0.610514563,5.582486249,8.607859067,9.408433735,7.560184793,8.723182156,1,1,1,1,1,1,15.25,15.2,16.69566901,16.78927473,11.97468387,9.765888294,11.24486344,11.26700499,1,1,1,1,1,1,1,1986
75,0,12,0,1,1,0,0,0,0,0,0,0,0,0,0,0,0,0,49.11118959,0,0,0,0,0,0,0,0,0,0,0,0,0,0,1985
63,0,16,1,2,0,1,32.40374037,31.88621762,29.97493976,28.71224639,29.00936803,30.666,1,1,1,1,1,1,0,30.88771127,29.77451226,27.9692129,27.44276664,27.4032188,28.08041055,23.88673218,1,1,1,1,1,1,1,1987
61,0,8,0,3,0,1,0,1.225019417,2.428321232,0.931316062,1.197236948,0,0,1,1,1,1,0,0,0.505219331,0,0,0,2.241496774,0,0,1,0,0,0,1,0,0,1985
57,0,14,1,2,0,1,34.44951456,35.80990099,36.79834197,39.28433735,39.87372474,35.12089219,1,1,1,1,1,1,0,42.258,42.25774648,41.69061708,42.42580645,43.01820964,28.04134508,20.82790592,1,1,1,1,1,1,1,1986
58,0,16,0,2,0,0,0,0,0,0,0,0,0,0,0,0,0,0,0,0,0,0,0,0,0,0,0,0,0,0,0,0,0,1986
55,0,16,0,2,0,1,0,0,0,0,0,0,0,0,0,0,0,0,0,0.321274648,0.05002874,0,0,0,0,0,1,1,0,0,0,0,0,1987
47,0,11,1,10,1,1,19.51784466,19.1709571,20.62410777,22.25892369,23.5866795,24.47054275,1,1,1,1,1,1,31.51425,25.48,26.54519718,26.59212849,27.79774194,10.39816373,4.347788546,11.43105346,1,1,1,1,1,1,1,1986
43,0,16,1,1,0,1,34.5707989,34.44951456,35.80990099,36.79834197,39.28433735,42.257,1,1,1,1,1,1,0,40.33605948,42,42.25774648,41.69061708,42.42580645,43.01820964,42.97092511,1,1,1,1,1,1,1,1985
41,0,16,1,1,0,1,0,0,0,0,0,0,0,0,0,0,0,0,0,0,0,0,0,0,0,0,0,0,0,0,0,0,0,1986
42,0,16,1,2,0,1,0,0,0,0,0,0,0,0,0,0,0,0,0,0,0,0,0,0,0,0,0,0,0,0,0,0,0,1988
40,0,12,1,0,1,1,10.22373006,8.321146006,0.686330097,0,9.734524352,0,1,1,1,0,1,0,38.04317267,0,7.72598513,8.91,13.08735915,15.14759087,16.80857419,16.34524254,0,1,1,1,1,1,1,1984
56,0,16,1,2,0,1,35.80990099,36.79834197,32.69623293,34.08887007,35.81455019,34.976,1,1,1,1,1,1,0,35.69332394,35.41664243,34.90583226,31.35297934,34.46364758,40.99571205,34.62070588,1,1,1,1,1,1,1,1987
32,0,16,1,2,0,1,3.95677135,2.728029126,0,0.698487047,1.357895582,15.82290664,1,1,0,1,1,1,0,0.713011152,0,0,0,0,0,0,1,0,0,0,0,0,0,1985
25,0,12,1,5,1,1,0,1.410693069,3.791137824,4.289365462,9.651973051,3.694416357,0,1,1,1,1,1,23.5,7.96,5.878457746,5.613409975,14.03587097,2.389061974,0,0,1,1,1,1,1,0,0,1986
76,0,8,1,2,0,0,0,0,0,0,0,0,0,0,0,0,0,0,0,0,0,0,0,0,0,0,0,0,0,0,0,0,0,1986
61,0,12,1,3,1,1,34.5707989,35.14648544,33.05482948,33.71818446,39.28433735,39.87372474,1,1,1,1,1,1,54.43188253,40.33605948,42,42.25774648,41.69061708,42.35598065,42.87733129,41.54821733,1,1,1,1,1,1,1,1985
62,0,8,0,1,1,0,0,0,0,0,0,0,0,0,0,0,0,0,5,0,0,0,0,0,0,0,0,0,0,0,0,0,0,1986
62,0,12,1,2,0,1,27.58754369,26.36669747,25.70886632,24.22093976,11.31337825,6.778698885,1,1,1,1,1,1,0,7.657,15.89392958,7.558045647,4.069341935,2.63979189,2.114748899,2.081853172,1,1,1,1,1,1,1,1986
59,0,9,1,1,0,1,34.44951456,35.80990099,36.79834197,39.28433735,39.87372474,40.33605948,1,1,1,1,1,1,0,42,42.25774648,41.69061708,42.42580645,0,0,0,1,1,1,1,0,0,0,1986
59,0,12,0,1,0,0,0,3.991621359,6.029808581,0,0,0,0,1,1,0,0,0,0,0,0,0,0,0,0,0,0,0,0,0,0,0,0,1985
59,0,12,0,1,0,1,0,0,0,0,0,0,0,0,0,0,0,0,0,0,0,1.112676247,0,0,0,0,0,0,1,0,0,0,0,1986
63,0,8,1,2,1,0,18.50564078,18.92137294,14.63642694,15.05679518,15.11404042,7.303271375,1,1,1,1,1,1,12.656,0,0,0,0,0,0,0,0,0,0,0,0,0,0,1986
50,1,12,1,1,1,1,29.75337423,34.5707989,34.44020388,35.0310055,32.77664663,17.04412048,1,1,1,1,1,1,168.8272493,9.082348412,0,0,0,0,0,0,1,0,0,0,0,0,0,1984
49,0,16,0,1,1,1,23.09668712,21.85206612,22.72204854,23.02926293,21.00685596,6.305301205,1,1,1,1,1,1,35.17395226,9.719484119,13.25793309,17.596,20.31362676,21.01762975,21.5699871,21.4244101,1,1,1,1,1,1,1,1984
45,0,12,0,1,1,1,0,2.841883388,4.71677513,4.404907631,5.291179981,7.153539033,0,1,1,1,1,1,32.83575,8.219,8.210352113,6.926201183,6.388619355,10.10718286,8.706842878,8.859398432,1,1,1,1,1,1,1,1986
43,0,16,1,1,0,1,2.178699029,3.826957096,6.386329534,14.08954217,16.42417709,15.85736803,1,1,1,1,1,1,0,17.785,34.61469014,41.69061708,42.42580645,43.01820964,37.52633186,36.77732288,1,1,1,1,1,1,1,1986
36,0,12,0,6,1,0,1.75722314,5.715427184,6.936510451,0.788211399,0,13.72373436,1,1,1,1,0,1,21.42725836,15.36640892,15.108,13.69807042,7.472811496,7.006445161,6.580192808,6.246073421,1,1,1,1,1,1,1,1985
34,0,16,0,1,1,1,0,0,0,0,0,0,0,0,0,0,0,0,83.53526761,0,0,0,0,0,11.08889522,35.39207751,0,0,0,0,0,1,1,1987
30,0,16,1,10,1,0,0,2.335052209,3.83547257,10.43339033,9.768,6.939725352,0,1,1,1,1,1,33.83693863,2.986901099,0.177658065,24.63023106,15.68599706,0,20.28017163,25.17767881,1,1,1,1,0,1,1,1988
73,0,12,0,2,0,0,14.13345655,13.41890155,4.506144578,3.623445621,3.192252788,5.578,1,1,1,1,1,1,0,6.837457746,5.713467456,2.034670968,0,0,0,0,1,1,1,0,0,0,0,1987
66,1,16,1,3,1,1,36.783,39.284,39.87372474,40.336,42,42.257,1,1,1,1,1,1,270.1005376,41.69061708,10.65506452,0,0,0,0,0,1,1,0,0,0,0,0,1988
71,0,12,0,5,1,0,0,0,0,0,0,0,0,0,0,0,0,0,31.748,0,0,0,0,0,0,0,0,0,0,0,0,0,0,1986
65,0,9,0,3,1,0,0,0,0,0,0,0,0,0,0,0,0,0,29.86923204,0,0,0,0,0,0,0,0,0,0,0,0,0,0,1987
62,0,16,1,2,0,1,0,0,0,0,5.488803213,3.775345525,0,0,0,0,1,1,0,7.832936803,11.48,14.16888732,9.33591885,11.5902,2.431828615,1.971512482,1,1,1,1,1,1,1,1985
62,0,12,0,4,1,1,0,0,0,0,0,0,0,0,0,0,0,0,20.8937623,0.878282333,0.965187097,0.839400153,0.50132746,0.436681397,0.384548097,0,1,1,1,1,1,1,0,1988
57,0,16,1,2,0,1,9.658429016,17.9453494,21.04974013,21.97296654,26.349,30.04255634,1,1,1,1,1,1,0,30.90201183,30.54569677,29.24651262,30.01366226,29.9310335,27.99995571,19.0291336,1,1,1,1,1,1,1,1988
50,0,11,1,2,0,1,25.83713592,25.95192959,28.03147772,29.10452209,29.85360539,35.95104089,1,1,1,1,1,1,0,34.873,42.25774648,41.69061708,42.42580645,43.01820964,42.97092511,43.35566643,1,1,1,1,1,1,1,1986
54,0,10,1,3,1,1,24.1983171,25.57223293,31.15319346,13.06949442,13.969,26.34259155,1,1,1,1,1,1,20.58617819,20.10321555,20.43951613,6.425058914,0,0,0,3.397452092,1,1,1,0,0,0,1,1988
52,0,14,0,1,0,1,11.92216502,12.92598549,12.47855422,0,13.05421561,14.542,1,1,1,0,1,1,0,15.20507042,15.26710397,17.24874194,17.40853864,17.41690455,16.91183464,16.58259377,1,1,1,1,1,1,1,1987
48,0,12,0,2,1,1,10.32337954,11.44950881,16.23972691,16.93789413,18.52504833,19.197,1,1,1,1,1,1,29.86923204,24.92242254,26.66624514,29.27380645,30.64271767,30.61396769,27.10549394,26.95629066,1,1,1,1,1,1,1,1987
46,0,12,1,2,0,1,30.18528926,31.51,34.4450253,32.78686839,38.12891566,39.87372474,1,1,1,1,1,1,0,40.33605948,42,42.25774648,41.69061708,43.36,43.688,42.97092511,1,1,1,1,1,1,1,1985
50,0,16,0,1,0,1,0,0,0,0,0,0,0,0,0,0,0,0,0,0,0,1.25164497,0.884754839,0,0,0,0,0,1,1,0,0,0,1986
48,0,16,1,2,0,1,30.85293204,31.32462046,32.5767544,33.98260241,35.77031761,36.10688476,1,1,1,1,1,1,0,39.466,38.21335211,40.12119696,42.42580645,43.01820964,42.97092511,43.35566643,1,1,1,1,1,1,1,1986
49,0,16,0,1,0,1,0,0,0,0,0,0,0,0,0,0,0,0,0,0,0,0,0,0,0,0,0,0,0,0,0,0,0,1986
27,0,15,0,2,1,1,1.802552255,0.354354404,2.940273092,9.317582291,16.02747212,5.977,1,1,1,1,1,1,19.90986268,2.317422535,1.079323753,0.543580645,0,0,1.300669993,6.052650519,1,1,1,0,0,1,1,1987
28,0,12,0,2,1,1,1.516227979,7.198827309,13.96107796,16.04988104,17.621,21.0806338,1,1,1,1,1,1,22.98195266,25.21170583,23.66210968,22.93549809,22.79792658,23.6987541,26.70675156,27.94726046,1,1,1,1,1,1,1,1988
35,0,12,1,10,1,1,13.37574301,11.41556627,24.5866872,29.36994796,34.111,32.71212676,1,1,1,1,1,1,33.56094675,34.24189349,36.63203226,28.51109411,20.9036652,28.54287099,25.29750035,28.68902024,1,1,1,1,1,1,1,1988
69,0,13,1,2,0,0,34.5707989,34.44951456,5.50049725,0,0,0,1,1,1,0,0,0,0,0,0,0,0,0,0.067084927,0,0,0,0,0,0,1,0,1985
57,0,12,1,2,1,1,24.335427,21.44116505,19.3879868,18.89890155,18.24025703,17.89043311,1,1,1,1,1,1,55.03325651,18.56069888,17.131,7.668140845,8.712412511,10.28383871,7.427140015,7.13928928,1,1,1,1,1,1,1,1985
53,0,11,1,5,1,1,13.03866227,8.128572021,0,7.279591915,9.103115242,10.441,1,1,0,1,1,1,62.95101761,9.355556338,0,0,0,0,0,0,1,0,0,0,0,0,0,1987
36,0,15,1,1,1,1,22.25955828,20.49187879,22.94816505,21.65112431,23.60545492,29.09351807,1,1,1,1,1,1,29.42512108,28.43587295,27.01904833,24.567,24.82787324,25.87504987,23.04693548,23.819342,1,1,1,1,1,1,1,1984
25,0,16,0,2,1,0,0,0,2.777447546,4.366684015,2.477,4.298133803,0,0,1,1,1,1,11.92592527,0.29646661,1.217974194,8.117276205,18.3978326,22.22622381,25.89897301,30.63327395,1,1,1,1,1,1,1,1988
83,0,8,1,3,1,1,10.88504041,11.45518072,8.316519731,9.899650558,17.472,16.64260563,1,1,1,1,1,1,54.66473711,16.65957058,10.72665806,1.613392502,0,0,0,0,1,1,1,0,0,0,0,1988
66,0,13,1,1,0,1,21.47388339,20.88192332,19.21301205,21.00860058,21.28643866,21.24,1,1,1,1,1,1,0,21.26683803,4.82128825,0,0,0,0,0,1,1,0,0,0,0,0,1987
63,0,16,1,1,0,1,35.80990099,36.79834197,39.28433735,39.87372474,40.33605948,42,1,1,1,1,1,1,0,42.25774648,41.69061708,42.42580645,43.018,42.97092511,43.35566643,43.6883045,1,1,1,1,1,1,1,1987
28,0,16,1,5,1,1,1.577575758,0,0,3.091515026,0,1.917736285,1,0,0,1,0,1,11.24576468,16.31267658,18.476,21.7058169,24.95229755,27.91529677,28.70228615,30.20196182,1,1,1,1,1,1,1,1985
45,0,16,1,2,0,1,32.01670407,33.18892435,34.5262008,37.09627719,40.33605948,42,1,1,1,1,1,1,0,41.9644507,41.39229755,39.4895871,38.50423259,38.05099559,39.32085531,38.76351003,1,1,1,1,1,1,1,1987
31,0,16,0,1,1,1,3.16192638,0.439305785,17.28195146,16.98377998,20.79447047,23.19536546,1,1,1,1,1,1,29.42512108,21.47484889,22.82857993,22.781,2.667640845,0,0,0,1,1,1,1,0,0,0,1984
64,0,12,0,6,1,0,0,1.943270466,0,0,0,0,0,1,0,0,0,0,62.63191373,0,0,0,0,0,0,0,0,0,0,0,0,0,0,1987
63,0,15,0,2,0,1,13.62220104,16.05926104,16.07290857,18.95489219,19.918,19.22920423,1,1,1,1,1,1,0,16.9449197,15.64805161,22.43403826,21.2907254,20.45840627,13.85814256,0,1,1,1,1,1,1,0,1988
62,0,16,1,1,0,1,34.44951456,35.80990099,36.79834197,39.28433735,39.87372474,40.33605948,1,1,1,1,1,1,0,42,42.25774648,41.69061708,42.42580645,43.01820964,42.97092511,43.35566643,1,1,1,1,1,1,1,1986
48,1,14,1,0,1,1,25.16429448,25.34386777,25.63496117,4.903665567,13.38823627,22.82342972,1,1,1,1,1,1,137.2718375,6.60026179,0,0,0,0,1.065948387,0,1,0,0,0,0,1,0,1984
35,0,16,0,5,1,0,14.34008815,12.30605825,16.00232343,15.71652642,18.24135743,16.88198653,1,1,1,1,1,1,76.65353717,15.01092193,17.431,16.70724648,17.12743195,17.36983226,17.79176129,17.58106314,1,1,1,1,1,1,1,1985
32,0,12,1,10,1,1,13.90841036,13.45130924,16.95371704,18.7847881,19.104,22.80664085,1,1,1,1,1,1,16.99253964,20.77211834,16.85188387,16.55320581,16.39574156,16.7884077,16.5916955,16.68478812,1,1,1,1,1,1,1,1988
64,0,12,0,3,1,1,18.37083196,15.76165049,13.98153575,13.08044767,15.03038554,15.39041386,1,1,1,1,1,1,22.76950186,15.37863197,15.441,0.638690141,0,0,0,0,1,1,1,0,0,0,0,1985
64,1,12,0,1,1,1,0,0,0,0,0,0,0,0,0,0,0,0,119.3723451,3.396056338,0,0,0,0,0,0,1,0,0,0,0,0,0,1987
53,0,16,1,5,1,1,35.80990099,39.284,39.28433735,39.87372474,40.33605948,42,1,1,1,1,1,1,53.81625317,42.25774648,41.69061708,42.42580645,43.018,42.97092511,43.688,44.816,1,1,1,1,1,1,1,1987
54,0,11,0,2,1,1,0,0,0,0,0,0,0,0,0,0,0,0,16.99253964,6.421281488,5.960825806,5.721505738,5.796246696,0.443712046,0.580993772,5.009651822,1,1,1,1,1,1,1,1988
33,0,16,0,2,1,1,17.90245399,9.158997245,0.912446602,0.755986799,0.498594819,0,1,1,1,1,1,0,10.04965544,0,0,0,0,0,0.026516129,0.046120888,0,0,0,0,0,1,1,1984
47,0,16,0,3,0,0,0,0,0,0,0,0,0,0,0,0,0,0,0,0,0,0,0,0,0,0,0,0,0,0,0,0,0,1987
65,0,14,1,3,1,1,34.44951456,35.80990099,36.01467358,36.90746988,38.33890279,39.6739777,1,1,1,1,1,1,59.039,21.78,0,0,0,0,0,0,1,0,0,0,0,0,0,1986
53,1,13,1,10,1,1,28.11016942,30.27004352,31.45167871,32.27872955,32.44608178,33.776,1,1,1,1,1,1,157.2605634,35.04691549,14.95951986,0.627548387,4.197839327,3.774842878,0,0,1,1,1,1,1,0,0,1987
41,0,14,0,2,0,0,0,0,2.226072539,2.916064257,1.544315688,3.41939777,0,0,1,1,1,1,0,4.318,5.215647887,3.557599324,3.040516129,0.161003826,4.580346549,10.7233015,1,1,1,1,1,1,1,1986
74,0,12,0,1,1,0,0,0,0,0,0,0,0,0,0,0,0,0,16.40386813,0,0,0,0,0,0,0,0,0,0,0,0,0,0,1988
25,0,13,1,3,1,1,0,0.736705234,3.088485437,8.484655666,10.78623005,14.22489157,0,1,1,1,1,1,41.24219519,18.81132628,12.47667658,26.613,13.36907746,2.292983939,16.94115484,16.32511706,1,1,1,1,1,1,1,1984
54,0,16,1,2,0,1,34.44951456,35.80990099,36.79834197,39.28433735,39.87372474,40.33605948,1,1,1,1,1,1,0,42,42.25774648,41.69061708,42.42580645,43.01820964,42.97092511,43.35566643,1,1,1,1,1,1,1,1986
51,0,16,0,2,0,1,0,0,0,0,0,0,0,0,0,0,0,0,0,0,0,0,0,0,0,0,0,0,0,0,0,0,0,1986
71,0,16,1,1,0,0,34.44951456,34.96589659,0,0,7.154063523,4.998208178,1,1,0,0,1,1,0,7.285,7.418260563,6.265636517,42.42580645,12.59687223,2.406854626,0,1,1,1,1,1,1,0,1986
69,0,16,0,2,0,1,9.502283828,10.37281658,5.45248996,5.897724735,2.910104089,1.414,1,1,1,1,1,1,0,1.344915493,1.817710904,1.864967742,1.594105585,0,1.404567356,1.52833218,1,1,1,1,0,1,1,1987
27,0,13,1,2,1,1,1.984504854,1.566231023,2.301032124,3.354024096,7.596050048,4.062126394,1,1,1,1,1,1,14.48815,0.605,1.10371831,1.864033812,1.1508,1.679638868,1.928863436,0.664786885,1,1,1,1,1,1,1,1986
45,0,16,1,2,0,1,35.80990099,36.79834197,39.28433735,39.87372474,35.70148699,42,1,1,1,1,1,1,0,42.25774648,41.69061708,42.42580645,43.018,42.97092511,43.35566643,43.6883045,1,1,1,1,1,1,1,1987
66,0,16,0,1,0,0,0,0,0,0,0,0.242,0,0,0,0,0,1,0,0.282683099,0,0,0,0,0,0,1,0,0,0,0,0,0,1987
72,0,14,1,3,0,0,21.34985285,19.99099598,21.34299134,7.115851301,0,0,1,1,1,1,0,0,0,0,0,0,0,0,0,0,0,0,0,0,0,0,0,1988
51,0,16,1,1,0,1,0,1.446864686,2.952953368,1.430522088,1.47680462,0,0,1,1,1,1,0,0,0,0,0,0,0,0,0,0,0,0,0,0,0,0,1986
39,0,14,0,2,0,1,18.28113531,20.73427565,21.39180723,21.9094514,20.76899628,31.1,1,1,1,1,1,1,0,21.24464789,27.78633305,25.90714194,10.3704912,12.39799706,12.96373485,12.39428097,1,1,1,1,1,1,1,1987
34,0,15,0,5,1,1,20.4676319,19.54231405,17.2633301,16.12048405,17.06579896,17.86171888,1,1,1,1,1,1,23.08841617,18.01385178,20.84335316,24.202,23.80519718,24.72809467,23.03279355,22.11538485,1,1,1,1,1,1,1,1984
57,0,16,1,2,0,1,35.80990099,36.79834197,39.28433735,39.87372474,40.33605948,42,1,1,1,1,1,1,0,42.25774648,41.69061708,42.42580645,36.57134813,42.97092511,43.35566643,43.6883045,1,1,1,1,1,1,1,1987
39,0,16,0,1,0,0,7.239718447,0,0,0,0,0.099821561,1,0,0,0,0,1,0,0.359,2.586598592,0,0,0,0,0,1,1,0,0,0,0,0,1986
62,0,16,0,1,0,1,16.07315702,16.01968932,17.65054345,18.42642902,19.39897992,19.12672955,1,1,1,1,1,1,0,19.48863197,20.19,21.57557042,0.793048183,0.968722581,0,0,1,1,1,1,1,0,0,1985
73,0,14,0,1,0,0,0,0,0,0,0,0,0,0,0,0,0,0,0,0,0,0,0,0,0,0,0,0,0,0,0,0,0,1986
35,1,16,0,5,1,1,13.81571845,9.473346535,1.86717513,0,12.08342637,13.22228253,1,1,1,0,1,1,102.09065,11.369,2.478542254,0,0,0,0,0,1,1,0,0,0,0,0,1986
37,0,16,1,2,0,1,31.61190083,31.71350485,35.3239956,24.37890155,0,0,1,1,1,1,0,0,0,0,0,0,9.220111581,42.42580645,43.01820964,42.97092511,0,0,0,1,1,1,1,1985
45,0,16,1,1,0,1,34.44951456,35.80990099,39.874,39.28433735,39.87372474,40.33605948,1,1,1,1,1,1,0,42,42.25774648,41.69061708,42.42580645,43.01820964,42.97092511,43.35566643,1,1,1,1,1,1,1,1986
36,0,12,0,5,1,0,19.78253398,18.49575358,0.520174093,6.011493976,4.651934552,10.73489219,1,1,1,1,1,1,11.139,9.464,5.306338028,0,0,4.521524101,0,0,1,1,0,0,1,0,0,1986
60,0,16,0,1,0,1,27.8096699,27.14921012,28.2325057,31.7828996,32.66586333,33.68977695,1,1,1,1,1,1,0,35.425,36.20273239,36.07072189,38.31757419,40.49330069,42.5894978,41.10976479,1,1,1,1,1,1,1,1986
64,0,14,1,2,1,1,19.44267769,17.60915534,15.48024642,10.42392539,5.48,10.81759384,1,1,1,1,1,1,26.47440967,9.744825279,14.656,9.439492958,0,0,0,0,1,1,1,0,0,0,0,1985
41,0,16,0,2,0,1,22.94949515,28.31634763,33.22072539,38.10140562,39.87372474,40.33605948,1,1,1,1,1,1,0,42,42.25774648,41.69061708,42.42580645,43.36,42.97092511,43.35566643,1,1,1,1,1,1,1,1986
49,0,16,0,1,1,1,0,0,0,0,0,0,0,0,0,0,0,0,28.62204965,0,0,0,0,0,0,0,0,0,0,0,0,0,0,1987
67,0,12,0,2,0,0,0,0,0,0,0,0,0,0,0,0,0,0,0,0,0,0,0,0,0,0,0,0,0,0,0,0,0,1988
36,1,15,1,4,1,1,0,0,0,0,0,0,0,0,0,0,0,0,165.5803888,0,0,0,0,0,0,0,0,0,0,0,0,0,0,1984
35,1,14,1,1,1,1,0,0,0,0,0,0,0,0,0,0,0,0,174.3098364,0,0,0,0,0,0,0,0,0,0,0,0,0,0,1985
75,1,12,1,2,1,0,34.5707989,19.64553398,0,0,0,0,1,1,0,0,0,0,138.2383476,0,0,0,0,0,0,0,0,0,0,0,0,0,0,1985
48,0,13,0,3,1,1,0,0,0,0,0,0,0,0,0,0,0,0,22.8345,0,0,0,0,15.76495792,37.82165639,37.42258019,0,0,0,0,1,1,1,1986
61,0,12,1,10,1,1,23.80942331,22.59480992,22.60233981,21.17607041,22.48560415,19.85014458,1,1,1,1,1,1,23.08841617,17.14992108,18.80719703,21.741,22.62911972,23.12624852,12.03213548,5.660290742,1,1,1,1,1,1,1,1984
39,0,16,1,1,0,1,0.59630854,0,0.598037404,0.630341969,0.762578313,23.21009432,1,0,1,1,1,1,0,26.1512119,30.583,16.09846479,24.49740659,30.07812903,31.7949013,33.62595595,1,1,1,1,1,1,1,1985
51,0,16,1,1,0,1,0,0,0,0,0,0,0,0,0,0,0,0,0,0,0,0,0,0,0,0,0,0,0,0,0,0,0,1986
38,0,16,1,2,0,1,27.11769697,34.44951456,39.874,36.79834197,36.95368675,39.87372474,1,1,1,1,1,1,0,40.33605948,42,42.25774648,41.69061708,42.42580645,43.01820964,42.97092511,1,1,1,1,1,1,1,1985
31,0,14,0,1,0,1,11.20986528,13.4931245,13.60558999,13.95566543,15.262,17.30927465,1,1,1,1,1,1,0,14.4295858,18.43843226,18.46764193,18.64728928,20.21233357,19.97678062,20.48602969,1,1,1,1,1,1,1,1988
64,0,16,1,2,0,0,36.783,39.284,12.69313571,0,0,0,1,1,1,0,0,0,0,0,0,0,0,0,0,0,0,0,0,0,0,0,0,1988
51,0,16,1,2,0,1,0,0,0,0,0,0,0,0,0,0,0,0,0,0,0,0,0,0,0,0,0,0,0,0,0,0,0,1988
38,0,16,1,3,1,1,0,24.79167961,29.18446645,31.09687047,39.28433735,39.87372474,0,1,1,1,1,1,11.24576468,33.57976952,34.867,42.25774648,33.60541674,34.40467742,42.13101148,42.97092511,1,1,1,1,1,1,1,1985
46,0,16,1,1,0,1,36.783,39.284,39.87372474,40.336,42,42.257,1,1,1,1,1,1,0,41.69061708,42.42580645,43.018,42.97092511,43.35566643,43.688,44.816,1,1,1,1,1,1,1,1988
64,0,16,1,2,1,1,36.783,35.80990099,36.79834197,37.33772691,39.87372474,40.33605948,1,1,1,1,1,1,62.4715,23.727,22.8191831,0,0,0,0,0,1,1,0,0,0,0,0,1986
67,0,13,1,2,0,1,24.73776898,14.62620518,17.38414458,20.17209625,26.95793309,26.803,1,1,1,1,1,1,0,17.20411268,0,0,0,0,0,0,1,0,0,0,0,0,0,1987
34,0,15,1,2,1,1,5.696805825,5.372690869,8.337550259,10.52424096,9.738471607,10.66562825,1,1,1,1,1,1,14.00325,16.438,19.57749296,31.86830769,30.34947742,26.25284774,18.33989427,18.53200855,1,1,1,1,1,1,1,1986
58,0,16,1,4,0,1,34.44951456,35.80990099,36.79834197,39.28433735,39.87372474,40.33605948,1,1,1,1,1,1,0,42,42.25774648,41.69061708,42.42580645,43.01820964,42.97092511,43.35566643,1,1,1,1,1,1,1,1986
33,0,16,0,1,1,1,0,5.220631068,8.085562156,18.49116684,29.866,38.23341675,0,1,1,1,1,1,72.06760223,41.02869888,40.963,0.864450704,0,0,0,0,1,1,1,0,0,0,0,1985
48,0,16,0,2,0,1,31.4956584,34.2513301,25.33339494,34.41099275,38.74073896,39.87372474,1,1,1,1,1,1,0,40.33605948,42,42.25774648,41.69061708,42.42580645,43.01820964,42.97092511,1,1,1,1,1,1,1,1985
47,0,16,1,2,0,1,34.5707989,34.44951456,35.80990099,36.79834197,39.28433735,39.87372474,1,1,1,1,1,1,0,40.33605948,42,42.25774648,41.69061708,42.42580645,43.01820964,42.97092511,1,1,1,1,1,1,1,1985
48,0,13,0,5,1,0,0,0,0,0,0.594855019,2.043,0,0,0,0,1,1,19.90986268,0,0.135262891,0,0,0,0,0,0,1,0,0,0,0,0,1987
50,0,16,1,1,0,1,34.5707989,34.44951456,35.80990099,40.336,40.60481928,41.13955727,1,1,1,1,1,1,0,40.33605948,42.426,42.25774648,41.69061708,42.42580645,43.01820964,42.97092511,1,1,1,1,1,1,1,1985
33,0,16,0,2,1,1,0,4.398764767,2.343855422,0.898741097,3.182066914,17.414,0,1,1,1,1,1,37.38556338,12.71109155,0,2.651612903,1.184887529,2.578255507,1.16240057,0,1,0,1,1,1,1,0,1987
50,1,8,0,10,1,1,0,9.906022798,8.489598394,6.444142445,2.381457249,0.01,0,1,1,1,1,1,106.6091549,0.277859155,0,0,0,0,0,0,1,0,0,0,0,0,0,1987
72,0,12,1,2,0,0,0,0,0,0,0,0,0,0,0,0,0,0,0,0,0,0,0,0,0,0,0,0,0,0,0,0,0,1985
