Country,1995,1996,1997,1998,1999,2000,2001,2002,2003,2004,2005,2006,2007,2008,2009,2010,2011,2012,2013,2014,2015,2016,2017,2018,2019,2020,2021,2022
Australia,38.82,40.17,41.55,42.89,43.27,43.75,45.27,45.95,47.01,46.85,47.03,47.27,47.81,49.47,49.06,49.85,50.43,51.65,52.55,52.8,54.15,54.01,54.64,54.66,53.39,57.1,57.41,56.33
Austria,51.11,51.18,51.62,53.57,54.51,55.83,56.53,57.59,58.07,59.18,60.63,62.22,63.81,63.81,63.36,64.29,64.95,65.65,66.08,66.33,67.27,67.18,68,68.31,68.2,69.79,69.47,71.05
Belgium,58.6,59.36,60.91,61.33,62.59,63.09,63.23,63.67,64.2,66.28,67.29,67.64,68.89,68.46,68.02,69.05,68.58,68.92,69.52,70.51,71.6,71.67,71.53,71.68,72.26,74.59,73.94,72.94
Costa Rica,12.88,12.93,12.74,12.88,13.18,13.42,13.34,13.43,13.62,13.96,13.72,14.26,14.45,14.91,15.33,17.12,17.94,17.69,18.62,19.09,19.71,20.57,21.06,21.45,22.04,25.4,24.06,22.95
Czechia,23.56,24.46,24.4,24.43,24.92,26,27.99,28.43,29.9,31.15,32.77,34.78,36.26,36.14,35.3,36.13,36.73,36.89,37,37.43,39.39,39.25,40.6,41.16,42.27,43.29,43.48,42.56
Denmark,56.31,57.66,58.07,58.01,58.6,59.95,59.74,60.23,61.23,63.18,64.05,64.89,65.01,64.04,63.45,65.94,66.17,67.43,67.96,69.04,70.02,70.86,72.18,73.77,74.32,74.73,75.28,74.28
Finland,43.94,44.82,46.21,48.06,49.18,51.28,52.29,52.79,53.92,55.71,56.74,58.12,60.02,59.32,56.66,58.63,59.48,58.53,58.74,58.82,59.3,60.73,62.26,61.51,61.76,61.81,62.29,61.57
France,52.72,53.28,54.14,55.43,56.12,57.57,58.6,60.3,60.63,61.28,61.82,63.28,62.97,62.54,61.91,62.73,63.38,63.59,64.47,65.11,65.66,65.77,67.18,67.41,67.64,67.68,66.48,65.47
Germany,51.39,52.26,53.54,54.08,54.7,56.05,57.46,57.99,58.44,58.97,59.9,60.86,61.58,61.59,59.74,61.12,62.71,63.09,63.39,64.05,64.38,65.25,66.41,66.55,67.02,67.8,68.19,68.54
Greece,29.97,31.02,32.57,32.4,33.45,34.6,36,36.67,38.28,39.45,38.33,39.97,41.02,40.45,39.4,39.04,36.29,34.41,33.62,33.42,34.62,33.18,33.65,32.48,33.11,34.12,34.13,34.54
Hungary,21.72,21.81,22.17,22.98,23.23,24.18,25.56,27.02,28.1,29.92,31.84,32.99,33.75,34.8,33.79,34.3,35.21,34.5,34.75,34.48,35.1,34.33,35.22,36.57,38.1,38.54,40.05,41.03
Iceland,36.12,37.28,39.01,41.16,41.75,42.95,44.57,45.42,46.93,50.13,51.61,52.94,56.12,54.47,57.96,57.36,57.41,57.5,58.7,58.68,59.66,60.32,60.82,62.37,64.3,63.49,66.07,67.13
Ireland,38.54,41.05,45.25,48.14,50.58,53.37,55.34,58.21,59.84,62.42,63.05,64.11,65.78,64.74,69.04,73.29,75.57,76.04,74.09,78.04,94.22,91.15,95.36,99.6,101.64,119.52,128.16,128.85
Israel,30.54,30.74,31.27,32.1,32.12,33.5,34.25,33.88,34.36,35.62,36.05,37.12,37.46,37.31,37.07,38.09,39.05,38.89,39.58,40.17,40.2,40.46,41.21,42.27,43.6,46.89,47.92,47.66
Italy,49.91,49.96,50.89,50.92,51.28,52.75,53.11,52.69,52.32,52.75,52.99,52.87,52.83,52.53,51.49,52.66,53.01,52.73,53.15,53.19,53.22,53.06,53.4,53.39,53.66,55.32,54.36,54.25
Japan,34.97,35.88,36.49,36.9,37.94,39.04,39.59,40.32,40.9,41.88,42.49,42.55,42.87,42.75,42.14,43.44,43.71,44.19,45.18,45.26,46.17,46.22,46.64,46.92,47.34,46.95,47.89,48.27
Latvia,12.88,13.16,13.74,14.67,15.34,16.74,17.44,18.72,20.24,22.27,23.91,25.5,27.53,27.52,28.26,29.18,29.23,31.12,31.14,31.99,33.4,34.28,35.73,36.38,37.3,38.11,41.12,42.48
Lithuania,15.73,16.41,17.61,18.57,19.34,19.59,21.86,22.89,24.99,25.61,27.34,29.59,31.71,32.49,31.07,32.83,35.1,35.81,36.92,37.62,37.33,36.95,39.68,40.54,42.16,44.7,46.23,44.97
Luxembourg,89.3,89.53,90.97,93.07,96.31,97.47,95.74,96.46,97.18,98.96,99.95,102.04,104.74,99.69,99.49,101.16,99.37,98.99,100.81,100.56,99.78,101.76,100.25,98.57,98.38,101.57,101.54,100.17
Netherlands,53.4,53.72,54.72,56.22,57.66,59.2,59.8,60.22,61.01,62.59,63.88,64.69,65.1,65.64,64.2,65.5,66.04,65.77,66.1,66.78,67.29,67.31,67.5,67.27,66.97,66.77,69.16,69.25
New Zealand,33.06,33.18,34.34,33.85,34.22,35.25,35.89,36.59,37.32,37.18,37.09,37.52,39,37.7,39.71,39.37,40.12,41.61,40.74,40.69,41.63,41.24,41.28,42.11,41.83,42.59,43.72,43.32
Norway,66.18,68.28,70.06,70.17,71.01,73.8,76.54,78.21,80.72,82.37,83.3,82.76,81.29,78.84,78.8,79.2,78.65,79.36,79.83,80.47,81.54,82.06,83.76,83.11,82.79,83.54,84.87,84.14
Poland,16.88,17.7,18.57,19.22,20.61,22.25,23.01,24.28,25.34,26.31,26.72,27.47,28.18,28.4,29.32,31.08,32.56,33.09,33.47,34.06,34.88,35.58,37.31,39.86,41.74,41.22,41.6,42.6
Portugal,30.79,31.33,31.95,32.31,33.02,33.39,33.74,33.99,34.14,34.87,35.27,35.93,36.48,36.72,36.57,37.68,38.25,38.62,39.17,38.77,38.77,38.81,39.12,39.07,39.67,40.09,40.62,43.1
Slovak Republic,18.94,20.23,21.44,22.6,23.28,23.88,24.82,26.6,28.58,29.6,30.47,32.16,34.73,35.47,34.46,36.89,37.4,37.98,38.88,39.51,41.01,41.19,41.92,43.18,44.11,46.88,49.1,48.17
Slovenia,24.7,26.43,28.48,29.22,30.28,31.26,32.36,32.5,33.5,34.6,36.94,39.13,40.81,40.75,38.18,39.49,40.93,40.69,40.29,40.75,40.98,42.41,44,45.06,45.58,45.93,47.2,46.51
Spain,44.71,45.2,45.13,44.91,44.76,44.96,45.04,45.11,45.24,45.38,45.56,45.83,46.34,46.45,47.57,48.78,49.5,50.46,51.2,51.36,51.77,52.01,52.46,52.34,52.63,52.54,52.14,53.08
Sweden,47.66,48.48,50.48,51.79,52.58,54.41,54.77,56.8,58.64,60.46,62.22,63.95,64.04,62.71,61.87,63.86,64.35,64.15,64.58,65.07,66.88,66.52,66.62,66.81,68.63,69.42,71.57,70.5
Switzerland,54.75,55.93,57.59,58.28,58.03,59.9,61.28,61.59,61.3,61.66,63.08,64.66,65.91,66.55,65.06,68.62,68.23,68.49,69.76,70.45,69.98,70.43,71.56,73.21,73.62,74.83,76.75,77.69
United Kingdom,44.21,44.93,46.32,47.53,48.62,50.59,51.34,52.46,53.89,54.6,55.11,56.16,56.98,56.96,55.55,56.99,57.05,56.69,56.96,57.09,58,57.65,58.79,58.92,59.2,60.33,59.88,60.32
Euro area (20 countries),46.75,47.28,48.19,48.75,49.43,50.62,51.39,51.83,52.08,52.71,53.19,53.94,54.43,54.32,53.7,55.04,55.9,56.25,56.79,57.2,57.84,58.01,58.89,58.94,59.31,60.56,60.57,60.55
European Union (27 countries from 01/02/2020),39.85,40.38,41.17,41.91,42.8,44.18,45.09,45.97,46.39,47.14,47.67,48.47,48.92,48.79,48.23,49.63,50.54,50.82,51.26,51.61,52.32,52.54,53.45,53.85,54.42,55.13,55.35,55.66
